ticker,name,sector,industry,exchange,close,avg_volume_50d,market_cap,atr14,sma50,sma200,atr_extension,rs_3m,rs_6m,rs_12m,rs_score,rs_percentile,trend_strength,stage,52w_high,52w_low,pct_from_52w_high,rts_composite,rts_grade,rts_grade_rank,colour_band,run_date
NVDA,NVIDIA Corporation,Technology,Semiconductors,NASDAQ,,136892814,5562502742016,6.3362,,,,,,,,0.0,22.0,3,236.54,164.07,,0.0,,8,,20260905
GOOGL,Alphabet Inc.,Communication Services,Internet Content & Information,NASDAQ,,30329684,4139343675392,5.9746,,,,,,,,0.0,24.5,3,408.61,231.9,,0.0,,8,,20260905
GOOG,Alphabet Inc.,Communication Services,Internet Content & Information,NASDAQ,,20293134,4100819517440,5.7412,,,,,,,,0.0,23.25,3,404.47,232.38,,0.0,,8,,20260905
AAPL,Apple Inc.,Technology,Consumer Electronics,NASDAQ,,54563450,4669700046848,7.0254,,,,,,,,0.0,23.25,3,344.57,225.95,,0.0,,8,,20260905
MSFT,Microsoft Corporation,Technology,Software - Infrastructure,NASDAQ,,37048623,3710545297408,9.3929,,,,,,,,0.0,27.0,3,553.72,349.2,,0.0,,8,,20260905
AMZN,"Amazon.com, Inc.",Consumer Cyclical,Internet Retail,NASDAQ,,48221166,2788369891328,4.9746,,,,,,,,0.0,20.75,3,287.2,196.0,,0.0,,8,,20260905
AVGO,Broadcom Inc.,Technology,Semiconductors,NASDAQ,,24865828,1702714146816,9.7139,,,,,,,,0.0,18.25,3,495.0,289.96,,0.0,,8,,20260905
TSM,Taiwan Semiconductor Manufacturing Company Limited,Technology,Semiconductors,NYSE,,13099242,2224530653184,8.6492,,,,,,,,0.0,20.75,3,479.0,237.9,,0.0,,8,,20260905
TSLA,"Tesla, Inc.",Consumer Cyclical,Auto Manufacturers,NASDAQ,,41798398,1398455795712,13.0746,,,,,,,,0.0,25.75,3,498.83,297.38,,0.0,,8,,20260905
META,"Meta Platforms, Inc.",Communication Services,Internet Content & Information,NASDAQ,,18075230,1571225468928,17.4915,,,,,,,,0.0,24.5,3,790.8,520.26,,0.0,,8,,20260905
LLY,Eli Lilly and Company,Healthcare,Drug Manufacturers - General,NYSE,,2863968,1024490143744,34.01,,,,,,,,0.0,20.75,3,1292.65,712.05,,0.0,,8,,20260905
WMT,Walmart Inc.,Consumer Defensive,Discount Stores,NASDAQ,,24610450,850021580800,2.1853,,,,,,,,0.0,23.25,3,135.16,98.88,,0.0,,8,,20260905
MU,"Micron Technology, Inc.",Technology,Semiconductors,NASDAQ,,43883553,1148129771520,40.3538,,,,,,,,0.0,23.25,3,1255.0,125.66,,0.0,,8,,20260905
JPM,JPMorgan Chase & Co.,Financial Services,Banks - Diversified,NYSE,,8225444,953331941376,5.4538,,,,,,,,0.0,22.0,3,366.5,279.1,,0.0,,8,,20260905
AMD,"Advanced Micro Devices, Inc.",Technology,Semiconductors,NASDAQ,,26583195,779621105664,15.0454,,,,,,,,0.0,20.75,3,584.73,149.22,,0.0,,8,,20260905
XOM,ExxonMobil Holdings Corporation,Energy,Oil & Gas Integrated,NYSE,,15585436,655726608384,2.7631,,,,,,,,0.0,28.25,3,176.41,108.35,,0.0,,8,,20260905
ASMLF,ASML Holding N.V.,Technology,Semiconductor Equipment & Materials,PNK,1710.0,8826,656811032576,55.3298,1749.79,1479.88,-0.7191,,,,,0.0,45.75,3,1991.64,766.19,-14.14,0.0,,8,,20260905
ASML,ASML Holding N.V.,Technology,Semiconductor Equipment & Materials,NASDAQ,,1817106,658685427712,37.57,,,,,,,,0.0,22.0,3,1999.96,766.24,,0.0,,8,,20260905
V,Visa Inc.,Financial Services,Credit Services,NYSE,,7719115,700273459200,5.9477,,,,,,,,0.0,24.5,3,385.57,293.89,,0.0,,8,,20260905
INTC,Intel Corporation,Technology,Semiconductors,NASDAQ,,114527544,506408894464,3.8015,,,,,,,,0.0,22.0,3,142.35,24.05,,0.0,,8,,20260905
JNJ,Johnson & Johnson,Healthcare,Drug Manufacturers - General,NYSE,,7850414,663276421120,4.9801,,,,,,,,0.0,28.25,3,281.07,173.33,,0.0,,8,,20260905
ORCL,Oracle Corporation,Technology,Software - Infrastructure,NYSE,,31563839,457361195008,5.6315,,,,,,,,0.0,23.25,3,345.72,114.5,,0.0,,8,,20260905
TCEHY,Tencent Holdings Limited,Communication Services,Internet Content & Information,PNK,56.57,3793273,509753622528,1.2513,58.05,65.12,-1.1865,,,,,0.0,36.5,4,87.68,52.84,-35.48,0.0,,8,,20260905
TCTZF,Tencent Holdings Limited,Communication Services,Internet Content & Information,PNK,55.64,10279,501373370368,1.9866,57.94,65.9,-1.156,-12.12,-31.96,-49.08,-33.85,0.0,22.0,4,89.1,51.49,-37.55,0.0,,8,,20260905
CSCO,"Cisco Systems, Inc.",Technology,Communication Equipment,NASDAQ,,22117668,430530461696,1.9546,,,,,,,,0.0,19.5,3,130.37,66.13,,0.0,,8,,20260905
COST,Costco Wholesale Corporation,Consumer Defensive,Discount Stores,NASDAQ,,2183882,406111289344,15.9485,,,,,,,,0.0,22.0,3,1096.5,844.06,,0.0,,8,,20260905
MA,Mastercard Incorporated,Financial Services,Credit Services,NYSE,,3346019,507393736704,9.1515,,,,,,,,0.0,27.0,3,601.62,464.52,,0.0,,8,,20260905
CAT,Caterpillar Inc.,Industrials,Farm & Heavy Construction Machinery,NYSE,,3182707,374147776512,22.7492,,,,,,,,0.0,19.5,3,1073.46,416.44,,0.0,,8,,20260905
LRCX,Lam Research Corporation,Technology,Semiconductor Equipment & Materials,NASDAQ,,11267212,384968884224,12.0915,,,,,,,,0.0,19.5,3,438.5,100.68,,0.0,,8,,20260905
CVX,Chevron Corporation,Energy,Oil & Gas Integrated,NYSE,,8467647,409190465536,3.1714,,,,,,,,0.0,29.5,3,214.71,146.49,,0.0,,8,,20260905
ABBV,AbbVie Inc.,Healthcare,Drug Manufacturers - General,NYSE,,6404939,453194874880,5.4508,,,,,,,,0.0,24.5,3,267.47,190.75,,0.0,,8,,20260905
NFLX,"Netflix, Inc.",Communication Services,Entertainment,NASDAQ,,41477631,325828280320,2.0831,,,,,,,,0.0,24.5,3,126.71,65.08,,0.0,,8,,20260905
BACRP,Bank of America Corporation PFD SER B 7%,Unknown,Unknown,PNK,302.0,3,0,4.2917,229.19,219.14,16.9653,61.63,-12.2,4.72,13.03,0.0,76.25,2,302.0,181.0,0.0,0.0,,8,,20260905
BAC,Bank of America Corporation,Financial Services,Banks - Diversified,NYSE,,32627692,438305488896,1.0654,,,,,,,,0.0,25.75,3,65.23,46.12,,0.0,,8,,20260905
IDCBY,Industrial and Commercial Bank of China Limited,Financial Services,Banks - Diversified,PNK,19.61,51633,456544845824,0.4038,18.19,16.91,3.5124,,,,,0.0,83.75,2,20.0,13.92,-1.95,0.0,,8,,20260905
IDCBF,Industrial and Commercial Bank of China Limited,Financial Services,Banks - Diversified,PNK,0.96,29549,447694045184,0.0117,0.89,0.84,5.7102,6.7,7.82,10.22,8.5,0.0,77.5,2,0.99,0.69,-3.03,0.0,,8,,20260905
UNH,UnitedHealth Group Incorporated,Healthcare,Healthcare Plans,NYSE,,5434355,356470816768,7.2262,,,,,,,,0.0,23.25,3,461.62,255.97,,0.0,,8,,20260905
RHHBF,Roche Holding AG,Healthcare,Drug Manufacturers - General,OQX,441.39,103,351687704576,10.6512,437.65,429.07,0.3515,5.78,-22.67,5.0,-4.49,0.0,80.0,2,514.08,301.27,-14.14,0.0,,8,,20260905
KO,The Coca-Cola Company,Consumer Defensive,Beverages - Non-Alcoholic,NYSE,,17551149,378925481984,1.36,,,,,,,,0.0,25.75,3,92.49,65.35,,0.0,,8,,20260905
AMAT,"Applied Materials, Inc.",Technology,Semiconductor Equipment & Materials,NASDAQ,,9453187,360856682496,14.9633,,,,,,,,0.0,23.25,3,739.67,158.82,,0.0,,8,,20260905
RHHBY,Roche Holding AG,Healthcare,Drug Manufacturers - General,OQX,54.96,2078280,350322032640,1.215,54.24,52.06,0.5954,,,,,0.0,83.75,2,60.85,39.5,-9.68,0.0,,8,,20260905
RHHVF,Roche Holding AG,Healthcare,Drug Manufacturers - General,OQX,443.25,4803,353166491648,18.2317,434.01,420.99,0.5069,3.0,-15.37,10.53,-0.42,0.0,82.5,2,490.33,314.15,-9.6,0.0,,8,,20260905
PG,The Procter & Gamble Company,Consumer Defensive,Household & Personal Products,NYSE,,9026884,340389986304,2.1531,,,,,,,,0.0,25.75,3,167.25,137.62,,0.0,,8,,20260905
PLTR,Palantir Technologies Inc.,Technology,Software - Infrastructure,NASDAQ,,40989844,418925182976,7.693,,,,,,,,0.0,24.5,3,207.52,106.37,,0.0,,8,,20260905
ACGBY,Agricultural Bank of China Limited,Financial Services,Banks - Diversified,PNK,20.5,30677,286986076160,0.4719,18.75,18.01,3.7085,8.24,13.94,2.95,8.12,0.0,85.0,2,21.07,15.85,-2.71,0.0,,8,,20260905
ARM,Arm Holdings plc,Technology,Semiconductors,NASDAQ,,6966871,269231767552,12.1608,,,,,,,,0.0,23.25,3,452.7,100.02,,0.0,,8,,20260905
ACGBF,Agricultural Bank of China Limited,Financial Services,Banks - Diversified,PNK,0.8,1019,279986438144,0.0028,0.73,0.71,24.9875,1.51,8.46,-7.4,0.38,0.0,75.0,2,0.82,0.62,-2.44,0.0,,8,,20260905
HSBC,HSBC Holdings plc,Financial Services,Banks - Diversified,NYSE,,1356703,366940979200,1.2077,,,,,,,,0.0,19.5,3,107.92,64.65,,0.0,,8,,20260905
MS,Morgan Stanley,Financial Services,Capital Markets,NYSE,,5360669,341943681024,4.4608,,,,,,,,0.0,20.75,3,232.25,146.29,,0.0,,8,,20260905
CICHF,China Construction Bank Corporation,Financial Services,Banks - Diversified,PNK,1.14,95349,298224418816,0.0617,1.11,1.03,0.5068,5.28,3.27,-0.45,2.28,0.0,87.5,2,1.31,0.89,-12.98,0.0,,8,,20260905
GE,GE Aerospace,Industrials,Aerospace & Defense,NYSE,,4160912,349783064576,8.1823,,,,,,,,0.0,22.0,3,388.84,268.91,,0.0,,8,,20260905
BABAF,Alibaba Group Holding Limited,Consumer Cyclical,Internet Retail,PNK,14.05,175007,279384096768,1.6558,14.53,17.14,-0.2882,-14.3,-35.15,-39.46,-31.66,0.0,50.75,4,23.99,10.98,-41.43,0.0,,8,,20260905
HD,"The Home Depot, Inc.",Consumer Cyclical,Home Improvement Retail,NYSE,,4227341,320308248576,6.3363,,,,,,,,0.0,18.25,3,426.75,289.1,,0.0,,8,,20260905
HBCYF,HSBC Holdings plc,Financial Services,Banks - Diversified,PNK,20.47,15512,350633984000,0.7229,19.81,17.29,0.9182,8.98,8.83,47.63,24.39,0.0,83.75,2,21.85,12.45,-6.32,0.0,,8,,20260905
BABA,Alibaba Group Holding Limited,Consumer Cyclical,Internet Retail,NYSE,,12652946,281472008192,3.2551,,,,,,,,0.0,25.75,3,192.67,91.99,,0.0,,8,,20260905
MRK,"Merck & Co., Inc.",Healthcare,Drug Manufacturers - General,NYSE,,10717246,370889916416,3.9715,,,,,,,,0.0,28.25,3,156.92,77.58,,0.0,,8,,20260905
CICHY,China Construction Bank Corporation,Financial Services,Banks - Diversified,PNK,24.94,71880,326215663616,0.4598,22.32,20.85,5.7054,,,,,0.0,92.5,2,24.96,18.21,-0.08,0.0,,8,,20260905
PCCYF,PetroChina Company Limited,Energy,Oil & Gas Integrated,PNK,1.28,30396,315348975616,0.0656,1.22,1.24,0.9232,,,,,0.0,58.75,3,1.59,0.89,-19.5,0.0,,8,,20260905
PM,Philip Morris International Inc.,Consumer Defensive,Tobacco,NYSE,,4954647,284493709312,3.9115,,,,,,,,0.0,25.75,3,207.76,142.11,,0.0,,8,,20260905
GS,"The Goldman Sachs Group, Inc.",Financial Services,Capital Markets,NYSE,,2067465,302413512704,23.3486,,,,,,,,0.0,19.5,3,1153.99,727.15,,0.0,,8,,20260905
AZN,AstraZeneca PLC,Healthcare,Drug Manufacturers - General,NYSE,,3110288,252329132032,2.9315,,,,,,,,0.0,24.5,3,212.71,145.8,,0.0,,8,,20260905
CYATY,"Contemporary Amperex Technology Co., Limited",Industrials,Electrical Equipment & Parts,PNK,18.27,695909,338124406784,0.7024,20.04,18.27,-2.5259,,,,,0.0,33.75,3,25.83,17.61,-29.27,0.0,,8,,20260905
TXN,Texas Instruments Incorporated,Technology,Semiconductors,NASDAQ,,8008041,236019728384,7.2115,,,,,,,,0.0,19.5,3,334.03,152.73,,0.0,,8,,20260905
GEV,GE Vernova Inc.,Industrials,Specialty Industrial Machinery,NYSE,,2757055,250872922112,37.5808,,,,,,,,0.0,23.25,3,1195.94,530.16,,0.0,,8,,20260905
NVS,Novartis AG,Healthcare,Drug Manufacturers - General,NYSE,,1939284,304095395840,2.5315,,,,,,,,0.0,24.5,3,170.46,121.57,,0.0,,8,,20260905
LVMUY,"LVMH Moët Hennessy - Louis Vuitton, Société Européenne",Consumer Cyclical,Luxury Goods,PNK,99.82,468141,246038937600,2.1315,108.26,119.26,-3.9591,,,,,0.0,8.75,4,152.95,98.91,-34.74,0.0,,8,,20260905
LVMHF,"LVMH Moët Hennessy - Louis Vuitton, Société Européenne",Consumer Cyclical,Luxury Goods,PNK,500.0,3280,246482599936,12.1065,542.02,596.3,-3.4708,,,,,0.0,7.5,4,766.9,494.0,-34.8,0.0,,8,,20260905
NVSEF,Novartis AG,Healthcare,Drug Manufacturers - General,PNK,164.25,20463,312192434176,4.8829,155.44,148.34,1.8036,11.77,-10.13,4.67,1.26,0.0,78.75,2,171.29,118.02,-4.11,0.0,,8,,20260905
RY,Royal Bank of Canada,Financial Services,Banks - Diversified,NYSE,,1554812,291547086848,4.1,,,,,,,,0.0,23.25,3,218.57,143.13,,0.0,,8,,20260905
NSRGY,Nestlé S.A.,Consumer Defensive,Packaged Foods,OID,96.55,402449,248347836416,1.3687,100.62,97.56,-2.9712,,,,,0.0,37.75,4,109.59,88.47,-11.9,0.0,,8,,20260905
BACHF,Bank of China Limited,Financial Services,Banks - Diversified,PNK,0.77,59250,248103534592,0.0123,0.68,0.63,7.3949,17.93,18.67,13.65,16.48,0.0,76.25,2,0.77,0.5,-0.0,0.0,,8,,20260905
BACHY,Bank of China Limited,Financial Services,Banks - Diversified,PNK,19.27,52644,248361320448,0.4121,16.89,15.44,5.7796,,,,,0.0,86.25,2,19.49,12.95,-1.13,0.0,,8,,20260905
TOYOF,Toyota Motor Corporation,Consumer Cyclical,Auto Manufacturers,PNK,19.95,62880,236244598784,0.8267,18.42,20.31,1.8526,2.95,-27.72,-18.32,-16.3,0.0,75.75,3,25.0,16.0,-20.2,0.0,,8,,20260905
NSRGF,Nestlé S.A.,Consumer Defensive,Packaged Foods,OID,97.61,11447,251074379776,3.9549,99.92,97.01,-0.5843,-2.26,-14.01,-13.15,-10.73,0.0,52.0,3,109.37,87.56,-10.75,0.0,,8,,20260905
QCOM,QUALCOMM Incorporated,Technology,Semiconductors,NASDAQ,,14887844,180224524288,4.8611,,,,,,,,0.0,23.25,3,259.92,121.99,,0.0,,8,,20260905
KLAC,KLA Corporation,Technology,Semiconductor Equipment & Materials,NASDAQ,,12616414,242495094784,6.3085,,,,,,,,0.0,20.75,3,307.37,87.83,,0.0,,8,,20260905
RYDAF,Shell plc,Energy,Oil & Gas Integrated,PNK,46.3,6566,264907440128,1.7159,43.21,40.92,1.8001,,,,,0.0,85.0,2,47.9,33.55,-3.34,0.0,,8,,20260905
TM,Toyota Motor Corporation,Consumer Cyclical,Auto Manufacturers,NYSE,,456130,233414393856,2.2777,,,,,,,,0.0,23.25,3,248.9,166.1,,0.0,,8,,20260905
SFTBY,SoftBank Group Corp.,Communication Services,Telecom Services,PNK,17.71,4162868,201855860736,0.876,17.29,15.95,0.4737,,,,,0.0,60.0,3,28.97,10.55,-38.87,0.0,,8,,20260905
SFTBF,SoftBank Group Corp.,Communication Services,Telecom Services,PNK,36.0,15474,205161250816,2.2492,34.68,42.89,0.5871,,,,,0.0,35.0,3,180.0,20.8,-80.0,0.0,,8,,20260905
SHEL,Shell plc,Energy,Oil & Gas Integrated,NYSE,,6378512,265908715520,1.0579,,,,,,,,0.0,23.25,3,94.9,68.62,,0.0,,8,,20260905
LIN,Linde plc,Basic Materials,Specialty Chemicals,NASDAQ,,2206593,220150300672,6.8091,,,,,,,,0.0,24.5,3,548.2,387.78,,0.0,,8,,20260905
IBM,International Business Machines Corporation,Technology,Information Technology Services,NYSE,,9050063,221297950720,5.1523,,,,,,,,0.0,25.75,3,332.46,199.19,,0.0,,8,,20260905
RTX,RTX Corporation,Industrials,Aerospace & Defense,NYSE,,4936292,270616330240,4.42,,,,,,,,0.0,19.5,3,226.88,150.61,,0.0,,8,,20260905
SIEGY,Siemens Aktiengesellschaft,Industrials,Specialty Industrial Machinery,PNK,158.25,153015,246953623552,2.8926,159.14,146.92,-0.3065,,,,,0.0,69.5,3,169.47,115.56,-6.62,0.0,,8,,20260905
WFC,Wells Fargo & Company,Financial Services,Banks - Diversified,NYSE,,14635898,272069214208,1.6669,,,,,,,,0.0,24.5,3,97.76,72.78,,0.0,,8,,20260905
SMAWF,Siemens Aktiengesellschaft,Industrials,Specialty Industrial Machinery,PNK,313.76,2341,244815708160,11.6595,315.64,292.76,-0.1611,-2.27,0.87,-4.8,-2.18,0.0,67.0,3,346.55,228.25,-9.46,0.0,,8,,20260905
LRLCY,L'Oréal S.A.,Consumer Defensive,Household & Personal Products,PNK,88.96,260652,236805537792,1.5793,88.07,86.14,0.5616,,,,,0.0,87.5,2,95.48,78.82,-6.83,0.0,,8,,20260905
LRLCF,L'Oréal S.A.,Consumer Defensive,Household & Personal Products,PNK,449.9,684,239520694272,21.7001,437.73,430.48,0.5607,2.48,-11.17,-24.84,-13.23,0.0,64.5,2,485.61,380.4,-7.35,0.0,,8,,20260905
SNDK,Sandisk Corporation,Technology,Computer Hardware,NASDAQ,,13974153,254769070080,93.2015,,,,,,,,0.0,25.75,3,2354.39,63.74,,0.0,,8,,20260905
MUFG,"Mitsubishi UFJ Financial Group, Inc.",Financial Services,Banks - Diversified,NYSE,,3134425,271151382528,0.3123,,,,,,,,0.0,19.5,3,24.26,14.62,,0.0,,8,,20260905
BHP,BHP Group Limited,Basic Materials,Other Industrial Metals & Mining,NYSE,,2721338,229800329216,2.1108,,,,,,,,0.0,22.0,3,98.71,51.83,,0.0,,8,,20260905
C,Citigroup Inc.,Financial Services,Banks - Diversified,NYSE,,11675303,231016595456,2.6331,,,,,,,,0.0,27.0,3,147.96,93.66,,0.0,,8,,20260905
BHPLF,BHP Group Limited,Basic Materials,Other Industrial Metals & Mining,PNK,47.7,115428,242456903680,0.6173,41.89,36.35,9.4073,9.9,15.96,63.81,33.58,0.0,78.75,2,48.56,23.93,-1.77,0.0,,8,,20260905
AXP,American Express Company,Financial Services,Credit Services,NYSE,,2861284,220259057664,5.1892,,,,,,,,0.0,19.5,3,387.49,290.97,,0.0,,8,,20260905
PANW,"Palo Alto Networks, Inc.",Technology,Software - Infrastructure,NASDAQ,,6745001,271606906880,18.1608,,,,,,,,0.0,22.0,3,398.88,139.57,,0.0,,8,,20260905
MBFJF,"Mitsubishi UFJ Financial Group, Inc.",Financial Services,Banks - Diversified,PNK,25.0,97714,281394118656,1.4841,21.95,18.85,2.0559,,,,,0.0,83.75,2,25.0,13.73,0.0,0.0,,8,,20260905
TMUS,"T-Mobile US, Inc.",Communication Services,Telecom Services,NASDAQ,,5128719,194711355392,3.6724,,,,,,,,0.0,24.5,3,255.74,165.66,,0.0,,8,,20260905
SAPGF,SAP SE,Technology,Software - Application,PNK,216.5,85403,249885229056,5.8507,185.77,196.09,5.2521,,,,,0.0,88.75,3,280.75,145.25,-22.89,0.0,,8,,20260905
SAP,SAP SE,Technology,Software - Application,NYSE,,2842274,248280891392,4.3854,,,,,,,,0.0,29.5,3,281.37,144.97,,0.0,,8,,20260905
PEP,"PepsiCo, Inc.",Consumer Defensive,Beverages - Non-Alcoholic,NASDAQ,,8479873,188002582528,1.9054,,,,,,,,0.0,23.25,3,171.48,133.73,,0.0,,8,,20260905
TTE,TotalEnergies SE,Energy,Oil & Gas Integrated,NYSE,,1648168,196020224000,1.2654,,,,,,,,0.0,24.5,3,94.17,57.39,,0.0,,8,,20260905
VZ,Verizon Communications Inc.,Communication Services,Telecom Services,NYSE,,26475179,208320430080,0.6938,,,,,,,,0.0,24.5,3,51.68,38.39,,0.0,,8,,20260905
MCD,McDonald's Corporation,Consumer Cyclical,Restaurants,NYSE,,4612055,180936867840,4.0801,,,,,,,,0.0,22.0,3,341.75,255.49,,0.0,,8,,20260905
NVO,Novo Nordisk A/S,Healthcare,Drug Manufacturers - General,NYSE,,12054217,205971079168,1.0,,,,,,,,0.0,24.5,3,64.16,35.12,,0.0,,8,,20260905
ABLZF,ABB Ltd,Industrials,Electrical Equipment & Parts,PNK,94.44,10507,171055759360,1.8297,100.16,90.4,-3.1253,-12.43,-4.79,23.06,4.44,0.0,32.5,3,110.87,66.25,-14.82,0.0,,8,,20260905
CMWAY,Commonwealth Bank of Australia,Financial Services,Banks - Diversified,PNK,116.15,55769,194183135232,2.7816,116.67,113.45,-0.1874,,,,,0.0,75.75,3,136.85,96.94,-15.13,0.0,,8,,20260905
KXIAY,Kioxia Holdings Corporation,Technology,Semiconductors,PNK,37.01,2239796,202534436864,2.8183,36.98,24.21,0.009,,,,,0.0,62.5,2,70.95,4.12,-47.84,0.0,,8,,20260905
HESAF,Hermès International Société en commandite par actions,Consumer Cyclical,Luxury Goods,PNK,1707.0,690,178794053632,49.4559,1835.36,2107.67,-2.5954,-9.92,-37.43,-49.82,-35.51,0.0,7.5,4,2693.9,1675.0,-36.63,0.0,,8,,20260905
HESAY,Hermès International Société en commandite par actions,Consumer Cyclical,Luxury Goods,PNK,168.89,92700,176898244608,4.2173,184.04,209.99,-3.5919,,,,,0.0,6.25,4,265.89,166.77,-36.48,0.0,,8,,20260905
NONOF,Novo Nordisk A/S,Healthcare,Drug Manufacturers - General,PNK,46.5,65480,205529088000,2.4119,47.57,45.4,-0.4416,2.84,12.14,-36.4,-9.6,0.0,74.5,3,64.75,34.0,-28.19,0.0,,8,,20260905
ANET,"Arista Networks, Inc.",Technology,Computer Hardware,NYSE,,7482787,244400128000,7.1823,,,,,,,,0.0,22.0,3,214.89,114.52,,0.0,,8,,20260905
ADI,"Analog Devices, Inc.",Technology,Semiconductors,NASDAQ,,4413896,175533834240,10.2402,,,,,,,,0.0,17.0,3,445.91,223.47,,0.0,,8,,20260905
DELL,Dell Technologies Inc.,Technology,Computer Hardware,NYSE,,7647492,338669076480,29.1592,,,,,,,,0.0,22.0,3,534.96,110.22,,0.0,,8,,20260905
ABBNY,ABB Ltd,Industrials,Electrical Equipment & Parts,PNK,95.93,395923,173754548224,1.9604,100.28,90.55,-2.221,,,,,0.0,43.25,3,110.2,67.24,-12.95,0.0,,8,,20260905
TD,The Toronto-Dominion Bank,Financial Services,Banks - Diversified,NYSE,,2489582,199292092416,2.3931,,,,,,,,0.0,23.25,3,125.47,74.11,,0.0,,8,,20260905
BCDRF,"Banco Santander, S.A.",Financial Services,Banks - Diversified,PNK,14.91,576260,216526077952,0.8139,14.17,12.43,0.907,21.04,12.75,38.79,25.24,0.0,81.25,2,15.5,9.46,-3.81,0.0,,8,,20260905
NEE,"NextEra Energy, Inc.",Utilities,Utilities - Regulated Electric,NYSE,,11046115,174002061312,1.2368,,,,,,,,0.0,28.25,3,98.75,69.24,,0.0,,8,,20260905
IDEXY,"Industria de Diseño Textil, S.A.",Consumer Cyclical,Apparel Retail,PNK,16.62,379330,206976630784,0.262,16.24,15.6,1.436,,,,,0.0,81.25,2,17.34,12.23,-4.15,0.0,,8,,20260905
AMGN,Amgen Inc.,Healthcare,Drug Manufacturers - General,NASDAQ,,2686111,236380536832,8.6609,,,,,,,,0.0,27.0,3,447.03,269.77,,0.0,,8,,20260905
IDEXF,"Industria de Diseño Textil, S.A.",Consumer Cyclical,Apparel Retail,PNK,67.22,4331,209280516096,1.6775,64.7,62.46,1.5038,4.52,-5.93,18.97,6.64,0.0,82.5,2,69.64,48.98,-3.48,0.0,,8,,20260905
RTNTF,Rio Tinto Group,Basic Materials,Other Industrial Metals & Mining,PNK,127.04,153,206467137536,1.9321,119.68,113.4,3.8075,,,,,0.0,51.25,2,133.85,73.97,-5.09,0.0,,8,,20260905
STX,Seagate Technology Holdings plc,Technology,Computer Hardware,NASDAQ,,4750984,192786563072,43.8431,,,,,,,,0.0,27.0,3,1145.0,183.02,,0.0,,8,,20260905
RTPPF,Rio Tinto Group,Basic Materials,Other Industrial Metals & Mining,PNK,102.58,538,166831931392,1.2172,93.68,89.41,7.315,-3.36,-0.23,52.18,19.95,0.0,51.25,2,112.0,61.07,-8.41,0.0,,8,,20260905
RIO,Rio Tinto Group,Basic Materials,Other Industrial Metals & Mining,NYSE,,2633852,167954120704,1.9069,,,,,,,,0.0,23.25,3,112.58,61.72,,0.0,,8,,20260905
DIS,The Walt Disney Company,Communication Services,Entertainment,NYSE,,10429493,181837381632,2.1754,,,,,,,,0.0,24.5,3,119.78,92.19,,0.0,,8,,20260905
SBGSF,Schneider Electric S.E.,Industrials,Specialty Industrial Machinery,PNK,350.0,1326,196729405440,15.7224,329.13,302.55,1.3272,,,,,0.0,85.0,2,369.74,254.34,-5.34,0.0,,8,,20260905
SAN,"Banco Santander, S.A.",Financial Services,Banks - Diversified,NYSE,,12717423,216816533504,0.2023,,,,,,,,0.0,17.0,3,15.05,9.48,,0.0,,8,,20260905
SBGSY,Schneider Electric S.E.,Industrials,Specialty Industrial Machinery,PNK,66.83,321192,187820392448,1.3681,65.42,60.14,1.0328,,,,,0.0,80.0,2,71.98,50.61,-7.15,0.0,,8,,20260905
T,AT&T Inc.,Communication Services,Telecom Services,NYSE,,60564214,175969271808,0.4108,,,,,,,,0.0,27.0,3,29.79,19.89,,0.0,,8,,20260905
TJX,"The TJX Companies, Inc.",Consumer Cyclical,Apparel Retail,NYSE,,6222652,145909350400,2.8208,,,,,,,,0.0,17.0,3,170.0,130.15,,0.0,,8,,20260905
BLK,"BlackRock, Inc.",Financial Services,Asset Management,NYSE,,739209,182345416704,20.6139,,,,,,,,0.0,24.5,3,1219.94,917.39,,0.0,,8,,20260905
SMERY,Siemens Energy AG,Industrials,Specialty Industrial Machinery,OQX,34.01,781934,144686792704,1.2356,35.07,34.85,-0.855,,,,,0.0,30.25,4,44.64,20.18,-23.81,0.0,,8,,20260905
BA,The Boeing Company,Industrials,Aerospace & Defense,NYSE,,5651804,167633453056,3.7746,,,,,,,,0.0,17.0,3,254.35,176.77,,0.0,,8,,20260905
MRVL,"Marvell Technology, Inc.",Technology,Semiconductors,NASDAQ,,35998903,200905424896,12.3769,,,,,,,,0.0,25.75,3,329.88,62.47,,0.0,,8,,20260905
SMEGF,Siemens Energy AG,Industrials,Specialty Industrial Machinery,OQX,172.7,7090,146941542400,9.2186,175.64,174.96,-0.3184,,,,,0.0,31.5,4,223.95,101.5,-22.89,0.0,,8,,20260905
ALIZF,Allianz SE,Financial Services,Insurance - Diversified,PNK,535.81,574,203225382912,20.278,494.5,441.72,2.037,,,,,0.0,86.25,2,545.5,395.0,-1.78,0.0,,8,,20260905
ALIZY,Allianz SE,Financial Services,Insurance - Diversified,PNK,52.2,230817,197987434496,0.5826,49.69,44.27,4.3099,,,,,0.0,78.75,2,52.82,39.44,-1.17,0.0,,8,,20260905
CRWD,"CrowdStrike Holdings, Inc.",Technology,Software - Infrastructure,NASDAQ,,10298952,218200522752,12.9096,,,,,,,,0.0,23.25,3,233.88,85.68,,0.0,,8,,20260905
DTEGF,Deutsche Telekom AG,Communication Services,Telecom Services,OQX,34.04,14728,162800058368,0.9708,31.56,33.54,2.5593,-1.83,-24.98,-27.92,-20.37,0.0,86.25,3,41.29,26.65,-17.56,0.0,,8,,20260905
GLW,Corning Incorporated,Technology,Electronic Components,NYSE,,13517873,132642119680,6.0643,,,,,,,,0.0,20.75,3,271.78,70.06,,0.0,,8,,20260905
WDC,Western Digital Corporation,Technology,Computer Hardware,NASDAQ,,8441877,168538456064,25.1469,,,,,,,,0.0,24.5,3,799.87,91.43,,0.0,,8,,20260905
GILD,"Gilead Sciences, Inc.",Healthcare,Drug Manufacturers - General,NASDAQ,,7232665,187227029504,3.6038,,,,,,,,0.0,32.0,3,157.29,108.46,,0.0,,8,,20260905
TMO,Thermo Fisher Scientific Inc.,Healthcare,Diagnostics & Research,NYSE,,2033209,226943500288,16.8254,,,,,,,,0.0,28.25,3,647.0,435.27,,0.0,,8,,20260905
BUDFF,Anheuser-Busch InBev SA/NV,Consumer Defensive,Beverages - Brewers,PNK,79.32,27180,156191113216,0.645,80.66,74.48,-2.0852,-0.56,-5.8,10.15,1.89,0.0,39.5,3,86.78,57.96,-8.59,0.0,,8,,20260905
BUD,Anheuser-Busch InBev SA/NV,Consumer Defensive,Beverages - Brewers,NYSE,,2088546,158219304960,1.0438,,,,,,,,0.0,25.75,3,86.6,57.79,,0.0,,8,,20260905
DTEGY,Deutsche Telekom AG,Communication Services,Telecom Services,OQX,32.88,687233,157252239360,0.712,31.55,32.85,1.8716,,,,,0.0,90.0,3,40.58,26.9,-18.97,0.0,,8,,20260905
APH,Amphenol Corporation,Technology,Electronic Components,NYSE,,14746501,204132728832,4.5108,,,,,,,,0.0,20.75,3,89.26,54.34,,0.0,,8,,20260905
APP,AppLovin Corporation,Communication Services,Advertising Agencies,NASDAQ,,6010623,107275575296,12.4652,,,,,,,,0.0,23.25,3,745.61,297.5,,0.0,,8,,20260905
UNP,Union Pacific Corporation,Industrials,Railroads,NYSE,,2760396,172056150016,5.8794,,,,,,,,0.0,25.75,3,315.99,210.84,,0.0,,8,,20260905
SCHW,The Charles Schwab Corporation,Financial Services,Capital Markets,NYSE,,9160666,188999090176,2.0715,,,,,,,,0.0,27.0,3,114.53,83.96,,0.0,,8,,20260905
EADSF,Airbus SE,Industrials,Aerospace & Defense,PNK,230.0,3949,182040510464,7.85,234.16,218.65,-0.5295,,,,,0.0,67.0,3,259.0,180.0,-11.2,0.0,,8,,20260905
FRCOF,"Fast Retailing Co., Ltd.",Consumer Cyclical,Apparel Retail,PNK,436.68,280,133995692032,36.8569,485.11,436.89,-1.3141,-13.45,-8.34,15.22,-0.19,0.0,22.0,4,566.34,288.85,-22.89,0.0,,8,,20260905
ISRG,"Intuitive Surgical, Inc.",Healthcare,Medical Instruments & Supplies,NASDAQ,,2995734,131380568064,11.5261,,,,,,,,0.0,22.0,3,603.88,328.57,,0.0,,8,,20260905
EADSY,Airbus SE,Industrials,Aerospace & Defense,PNK,57.87,455103,183211900928,1.037,58.5,54.55,-0.6106,,,,,0.0,63.25,3,64.35,45.01,-10.07,0.0,,8,,20260905
IBDSF,"Iberdrola, S.A.",Utilities,Utilities - Diversified,OID,23.19,8585,154750156800,0.565,23.96,22.94,-1.3628,-1.25,-12.12,4.77,-2.65,0.0,75.75,3,25.33,18.11,-8.45,0.0,,8,,20260905
WELL,Welltower Inc.,Real Estate,REIT - Healthcare Facilities,NYSE,,3171903,170177495040,4.0938,,,,,,,,0.0,27.0,3,255.2,163.75,,0.0,,8,,20260905
ABT,Abbott Laboratories,Healthcare,Medical Devices,NYSE,,11308122,188690612224,2.5523,,,,,,,,0.0,27.0,3,137.49,81.97,,0.0,,8,,20260905
ETN,Eaton Corporation plc,Industrials,Specialty Industrial Machinery,NYSE,,2247941,159533056000,12.3608,,,,,,,,0.0,15.75,3,478.0,311.92,,0.0,,8,,20260905
IBDRY,"Iberdrola, S.A.",Utilities,Utilities - Diversified,OID,92.23,69339,153865977856,0.9645,95.33,91.48,-3.2111,,,,,0.0,59.0,3,100.64,72.48,-8.36,0.0,,8,,20260905
SCCO,Southern Copper Corporation,Basic Materials,Copper,NYSE,,1263942,167821737984,8.1854,,,,,,,,0.0,20.75,3,220.78,96.16,,0.0,,8,,20260905
PIAIF,"Ping An Insurance (Group) Company of China, Ltd.",Financial Services,Insurance - Life,PNK,7.17,8882,129831796736,0.0999,6.88,7.73,2.8746,-8.21,-29.39,-19.8,-20.26,0.0,37.0,3,9.81,5.95,-26.91,0.0,,8,,20260905
FRCOY,"Fast Retailing Co., Ltd.",Consumer Cyclical,Apparel Retail,PNK,44.33,157296,136027062272,1.0745,48.66,43.95,-4.0339,,,,,0.0,35.0,3,55.65,29.25,-20.34,0.0,,8,,20260905
PFE,Pfizer Inc.,Healthcare,Drug Manufacturers - General,NYSE,,42454357,162155724800,0.5623,,,,,,,,0.0,25.75,3,29.21,23.58,,0.0,,8,,20260905
CRM,"Salesforce, Inc.",Technology,Software - Application,NYSE,,15186696,213346304000,9.4231,,,,,,,,0.0,30.75,3,269.11,146.32,,0.0,,8,,20260905
SMFNF,"Sumitomo Mitsui Financial Group, Inc.",Financial Services,Banks - Diversified,PNK,44.85,34106,170408017920,2.1066,42.6,37.0,1.0689,10.5,17.9,43.38,26.24,0.0,83.75,2,46.95,24.69,-4.47,0.0,,8,,20260905
COP,ConocoPhillips,Energy,Oil & Gas E&P,NYSE,,7088258,161291567104,2.4554,,,,,,,,0.0,28.25,3,137.42,85.57,,0.0,,8,,20260905
BTAFF,British American Tobacco p.l.c.,Consumer Defensive,Tobacco,PNK,56.1,1877,120850694144,2.59,59.18,58.5,-1.1886,-8.68,-20.36,-13.43,-14.67,0.0,22.0,4,69.57,49.75,-19.36,0.0,,8,,20260905
UBER,"Uber Technologies, Inc.",Technology,Software - Application,NYSE,,19250980,154744356864,2.5432,,,,,,,,0.0,23.25,3,101.99,65.41,,0.0,,8,,20260905
BX,Blackstone Inc.,Financial Services,Asset Management,NYSE,,4647069,162739781632,3.53,,,,,,,,0.0,25.75,3,190.09,101.73,,0.0,,8,,20260905
TOELF,Tokyo Electron Limited,Technology,Semiconductor Equipment & Materials,PNK,344.45,12107,156482568192,26.6874,386.09,303.82,-1.5605,-17.98,15.14,139.82,56.73,0.0,31.25,3,509.3,134.03,-32.37,0.0,,8,,20260905
HON,Honeywell International Inc.,Industrials,Conglomerates,NASDAQ,,4090930,66433794048,4.3146,,,,,,,,0.0,17.0,3,260.28,195.87,,0.0,,8,,20260905
SMFG,"Sumitomo Mitsui Financial Group, Inc.",Financial Services,Banks - Diversified,NYSE,,1750261,172877709312,0.3392,,,,,,,,0.0,25.75,3,27.62,15.18,,0.0,,8,,20260905
HTHIF,"Hitachi, Ltd.",Industrials,Conglomerates,PNK,34.43,45171,154113523712,2.1542,31.82,31.93,1.2112,2.94,-1.2,10.28,4.42,0.0,78.75,3,38.53,23.72,-10.64,0.0,,8,,20260905
DE,Deere & Company,Industrials,Farm & Heavy Construction Machinery,NYSE,,1238742,186993311744,22.4239,,,,,,,,0.0,24.5,3,705.88,433.0,,0.0,,8,,20260905
TOELY,Tokyo Electron Limited,Technology,Semiconductor Equipment & Materials,PNK,176.0,355125,159912493056,7.625,191.63,152.62,-2.0502,,,,,0.0,36.25,3,249.37,67.5,-29.42,0.0,,8,,20260905
HTHIY,"Hitachi, Ltd.",Industrials,Conglomerates,PNK,34.66,612112,155143028736,0.795,32.05,31.83,3.2804,,,,,0.0,86.25,2,39.0,25.78,-11.13,0.0,,8,,20260905
UBS,UBS Group AG,Financial Services,Banks - Diversified,NYSE,,1869557,169559277568,0.7642,,,,,,,,0.0,24.5,3,55.98,36.3,,0.0,,8,,20260905
BTI,British American Tobacco p.l.c.,Consumer Defensive,Tobacco,NYSE,,4358974,119235043328,0.7485,,,,,,,,0.0,20.75,3,67.3,49.88,,0.0,,8,,20260905
PNGAY,"Ping An Insurance (Group) Company of China, Ltd.",Financial Services,Insurance - Life,PNK,14.69,252687,133000626176,0.2968,13.92,15.06,2.6095,,,,,0.0,78.25,3,18.92,12.84,-22.36,0.0,,8,,20260905
RYCEY,Rolls-Royce Holdings plc,Industrials,Aerospace & Defense,PNK,20.12,2705790,165906481152,0.4055,19.71,17.25,1.0087,,,,,0.0,77.5,2,21.27,13.25,-5.41,0.0,,8,,20260905
RLLCF,Rolls-Royce Holdings plc,Industrials,Aerospace & Defense,PNK,0.0,1095244,3143299,0.0002,0.0,0.0,0.8559,-7.94,-55.47,-85.27,-55.51,0.0,30.0,3,0.01,0.0,-69.64,0.0,,8,,20260905
CIHHF,"China Merchants Bank Co., Ltd.",Financial Services,Banks - Regional,PNK,6.44,4082,162415804416,0.0454,6.01,6.02,9.4863,9.28,2.91,-19.74,-4.56,0.0,75.0,3,6.91,5.62,-6.8,0.0,,8,,20260905
CIHKY,"China Merchants Bank Co., Ltd.",Financial Services,Banks - Regional,PNK,34.06,35492,171797594112,0.5915,30.7,30.68,5.6779,,,,,0.0,88.75,2,34.88,27.26,-2.35,0.0,,8,,20260905
RYCEF,Rolls-Royce Holdings plc,Industrials,Aerospace & Defense,PNK,20.12,40904,165906481152,0.6382,19.66,17.17,0.7255,,,,,0.0,82.5,2,21.5,13.08,-6.42,0.0,,8,,20260905
SAFRF,Safran SA,Industrials,Aerospace & Defense,PNK,385.0,1055,159540592640,9.2435,393.41,363.47,-0.9096,,,,,0.0,65.75,3,422.71,307.16,-8.92,0.0,,8,,20260905
PLDGP,"Prologis, Inc.",Real Estate,REIT - Industrial,OQB,51.19,2830,0,0.2666,51.94,52.03,-2.7988,,,,,0.0,35.25,4,59.0,50.9,-13.24,0.0,,8,,20260905
PLD,"Prologis, Inc.",Real Estate,REIT - Industrial,NYSE,,4272866,133507031040,1.7385,,,,,,,,0.0,25.75,3,153.35,110.6,,0.0,,8,,20260905
DBSDF,DBS Group Holdings Ltd,Financial Services,Banks - Regional,PNK,62.1,4661,176612425728,2.3347,57.28,48.6,2.0639,20.63,29.2,28.6,26.82,0.0,86.25,2,63.7,36.55,-2.51,0.0,,8,,20260905
CSUAY,China Shenhua Energy Company Limited,Energy,Thermal Coal,PNK,23.49,20863,127371198464,0.4541,21.99,21.76,3.3123,,,,,0.0,90.0,2,26.75,18.53,-12.19,0.0,,8,,20260905
DBSDY,DBS Group Holdings Ltd,Financial Services,Banks - Regional,PNK,249.06,39815,177081696256,4.8414,227.74,189.11,4.404,,,,,0.0,86.25,2,252.0,153.82,-1.17,0.0,,8,,20260905
SAFRY,Safran SA,Industrials,Aerospace & Defense,PNK,96.74,211326,160352796672,1.8688,98.42,90.16,-0.8966,,,,,0.0,63.25,3,106.71,76.86,-9.34,0.0,,8,,20260905
IBKR,"Interactive Brokers Group, Inc.",Financial Services,Capital Markets,NASDAQ,,4501982,157807394816,3.1495,,,,,,,,0.0,22.0,3,98.75,58.95,,0.0,,8,,20260905
SONY,Sony Group Corporation,Technology,Consumer Electronics,NYSE,,5132750,143484256256,0.3308,,,,,,,,0.0,23.25,3,30.34,19.32,,0.0,,8,,20260905
PDD,PDD Holdings Inc.,Consumer Cyclical,Internet Retail,NASDAQ,,7115128,117017419776,2.2246,,,,,,,,0.0,22.0,3,139.41,71.94,,0.0,,8,,20260905
SHOP,Shopify Inc.,Technology,Software - Application,NASDAQ,,8899085,186679164928,4.648,,,,,,,,0.0,23.25,3,182.19,94.0,,0.0,,8,,20260905
SNEJF,Sony Group Corporation,Technology,Consumer Electronics,PNK,25.19,85739,147164839936,1.7787,22.21,22.84,1.6781,10.42,2.75,-27.53,-7.45,0.0,85.0,3,32.4,18.68,-22.25,0.0,,8,,20260905
BBVXF,"Banco Bilbao Vizcaya Argentaria, S.A.",Financial Services,Banks - Diversified,PNK,30.05,34379,165825069056,1.0435,27.05,23.52,2.8759,30.99,26.82,52.63,38.19,0.0,81.25,2,30.3,17.88,-0.83,0.0,,8,,20260905
CILJF,China Life Insurance Company Limited,Financial Services,Insurance - Life,PNK,3.85,16028,108819103744,0.1154,3.62,3.72,1.9732,2.23,-8.32,7.33,0.58,0.0,55.0,3,4.67,2.74,-17.56,0.0,,8,,20260905
UNCFF,UniCredit S.p.A.,Financial Services,Banks - Regional,PNK,100.91,3058,151191175168,2.1601,94.97,83.92,2.7481,16.85,16.16,13.66,15.33,0.0,80.0,2,100.91,67.56,0.0,0.0,,8,,20260905
CB,Chubb Limited,Financial Services,Insurance - Property & Casualty,NYSE,,1779866,131785375744,4.8469,,,,,,,,0.0,20.75,3,365.91,265.3,,0.0,,8,,20260905
EBGEF,Enbridge Inc.,Energy,Oil & Gas Midstream,PNK,25.25,869,0,0.1257,25.01,24.38,1.9152,-1.73,-10.03,-13.56,-9.36,0.0,80.0,2,26.25,24.0,-3.81,0.0,,8,,20260905
ENNPF,Enbridge Inc.,Energy,Oil & Gas Midstream,PNK,18.2,138,0,0.0253,17.96,17.34,9.5691,0.22,-13.67,-9.25,-8.43,0.0,75.0,2,18.98,15.5,-4.11,0.0,,8,,20260905
EBBGF,Enbridge Inc.,Energy,Oil & Gas Midstream,PNK,25.3,1951,0,0.1455,25.04,24.1,1.804,0.99,-8.54,-10.98,-7.13,0.0,81.25,2,25.77,22.13,-1.82,0.0,,8,,20260905
EBBNF,Enbridge Inc.,Energy,Oil & Gas Midstream,PNK,24.9,9314,42937310740,0.1012,24.67,23.81,2.2783,,,,,0.0,86.25,2,25.29,23.55,-1.54,0.0,,8,,20260905
ENB,Enbridge Inc.,Energy,Oil & Gas Midstream,NYSE,,4375968,109400842240,0.92,,,,,,,,0.0,19.5,3,58.45,45.03,,0.0,,8,,20260905
UNCRY,UniCredit S.p.A.,Financial Services,Banks - Regional,PNK,48.72,413309,145992155136,0.772,47.51,41.8,1.563,,,,,0.0,85.0,2,50.28,33.63,-3.1,0.0,,8,,20260905
BBVA,"Banco Bilbao Vizcaya Argentaria, S.A.",Financial Services,Banks - Diversified,NYSE,,1577426,162845196288,0.3023,,,,,,,,0.0,20.75,3,29.64,17.9,,0.0,,8,,20260905
VRT,Vertiv Holdings Co,Industrials,Electrical Equipment & Parts,NYSE,,5900988,108000731136,11.7777,,,,,,,,0.0,22.0,3,379.94,118.7,,0.0,,8,,20260905
BKNG,Booking Holdings Inc.,Consumer Cyclical,Travel Services,NASDAQ,,6695014,149776252928,5.9431,,,,,,,,0.0,22.0,3,226.1,150.14,,0.0,,8,,20260905
IVSBF,Investor AB (publ),Financial Services,Asset Management,PNK,42.21,15655,129311596544,0.8993,42.2,39.18,0.016,1.09,-7.25,14.43,3.51,0.0,85.0,2,45.31,28.2,-6.84,0.0,,8,,20260905
UL,Unilever PLC,Consumer Defensive,Household & Personal Products,NYSE,,4260879,138239574016,0.8131,,,,,,,,0.0,30.75,3,74.98,54.75,,0.0,,8,,20260905
SPGI,S&P Global Inc.,Financial Services,Financial Data & Stock Exchanges,NYSE,,2217137,130746753024,10.9484,,,,,,,,0.0,27.0,3,522.47,361.03,,0.0,,8,,20260905
MO,"Altria Group, Inc.",Consumer Defensive,Tobacco,NYSE,,8667223,115011952640,1.2508,,,,,,,,0.0,24.5,3,77.06,54.7,,0.0,,8,,20260905
LMT,Lockheed Martin Corporation,Industrials,Aerospace & Defense,NYSE,,1188338,121229770752,12.8598,,,,,,,,0.0,20.75,3,692.0,437.25,,0.0,,8,,20260905
KYCCF,Keyence Corporation,Technology,Scientific & Technical Instruments,PNK,493.0,2760,119564894208,40.184,499.3,427.83,-0.1568,,,,,0.0,73.25,3,581.6,316.2,-15.23,0.0,,8,,20260905
UNLYF,Unilever PLC,Consumer Defensive,Household & Personal Products,PNK,63.37,5995,136452358144,1.4879,61.76,62.21,1.0802,13.31,-19.36,-32.28,-16.36,0.0,82.5,3,73.88,54.56,-14.23,0.0,,8,,20260905
HDB,HDFC Bank Limited,Financial Services,Banks - Regional,NYSE,,9516631,119075659776,0.4185,,,,,,,,0.0,27.0,3,37.45,22.3,,0.0,,8,,20260905
DHR,Danaher Corporation,Healthcare,Diagnostics & Research,NYSE,,4648449,145982078976,6.2577,,,,,,,,0.0,28.25,3,242.8,160.93,,0.0,,8,,20260905
BMY,Bristol-Myers Squibb Company,Healthcare,Drug Manufacturers - General,NYSE,,11469311,136494186496,1.4146,,,,,,,,0.0,27.0,3,68.64,42.52,,0.0,,8,,20260905
SYK,Stryker Corporation,Healthcare,Medical Devices,NYSE,,2444133,116272504832,9.9208,,,,,,,,0.0,22.0,3,396.37,281.0,,0.0,,8,,20260905
PBR,Petróleo Brasileiro S.A. - Petrobras,Energy,Oil & Gas Integrated,NYSE,,16769303,129660657664,0.538,,,,,,,,0.0,25.75,3,22.24,11.43,,0.0,,8,,20260905
AIQUY,L'Air Liquide S.A.,Basic Materials,Specialty Chemicals,PNK,39.52,271755,125766467584,0.5077,39.67,39.21,-0.2967,,,,,0.0,44.5,3,44.42,36.17,-11.03,0.0,,8,,20260905
IVSXF,Investor AB (publ),Financial Services,Asset Management,PNK,42.2,404,129280966656,0.1494,41.18,38.54,6.8505,2.04,-3.03,20.95,7.83,0.0,75.0,2,43.5,29.64,-2.99,0.0,,8,,20260905
LOW,"Lowe's Companies, Inc.",Consumer Cyclical,Home Improvement Retail,NYSE,,3049301,114707488768,5.0208,,,,,,,,0.0,19.5,3,293.06,199.34,,0.0,,8,,20260905
ZIJMF,Zijin Mining Group Company Limited,Basic Materials,Gold,PNK,4.8,72020,127635431424,0.3497,4.25,4.53,1.5683,,,,,0.0,85.0,3,6.14,3.15,-21.82,0.0,,8,,20260905
BPAQF,BP p.l.c.,Energy,Oil & Gas Integrated,PNK,7.33,5350,113263550464,0.1555,6.84,6.69,3.1452,-1.42,-1.49,7.08,1.95,0.0,76.25,2,8.01,5.36,-8.49,0.0,,8,,20260905
AIQUF,L'Air Liquide S.A.,Basic Materials,Specialty Chemicals,PNK,198.0,550,126021066752,3.8796,198.15,195.85,-0.0381,,,,,0.0,47.0,3,224.89,178.46,-11.96,0.0,,8,,20260905
ZIJMY,Zijin Mining Group Company Limited,Basic Materials,Gold,PNK,92.78,49593,123354324992,3.112,84.7,89.45,2.5973,,,,,0.0,90.0,3,119.99,69.8,-22.68,0.0,,8,,20260905
ADTTF,Advantest Corporation,Technology,Semiconductor Equipment & Materials,PNK,200.37,1765,144723542016,14.7792,201.39,164.89,-0.0687,17.68,13.51,125.81,59.47,0.0,68.25,3,248.99,79.96,-19.53,0.0,,8,,20260905
CFRHF,Compagnie Financière Richemont SA,Consumer Cyclical,Luxury Goods,PNK,227.89,1741,133985714176,10.6047,233.49,208.8,-0.528,7.32,12.17,11.54,10.7,0.0,74.5,3,254.24,163.0,-10.36,0.0,,8,,20260905
CVS,CVS Health Corporation,Healthcare,Healthcare Plans,NYSE,,7904398,123727593472,1.7515,,,,,,,,0.0,24.5,3,110.68,69.51,,0.0,,8,,20260905
MSBHF,Mitsubishi Corporation,Industrials,Conglomerates,PNK,31.45,9244,115154132992,1.6988,29.36,29.47,1.2305,,,,,0.0,90.0,3,37.75,21.41,-16.69,0.0,,8,,20260905
MTSUY,Mitsubishi Corporation,Industrials,Conglomerates,PNK,31.46,334073,115190743040,0.7524,29.26,29.5,2.9286,,,,,0.0,83.75,3,37.41,22.42,-15.9,0.0,,8,,20260905
ATEYY,Advantest Corporation,Technology,Semiconductor Equipment & Materials,PNK,217.54,150571,157125115904,9.8316,199.4,167.8,1.845,,,,,0.0,86.25,2,240.89,76.38,-9.69,0.0,,8,,20260905
SBUX,Starbucks Corporation,Consumer Cyclical,Restaurants,NASDAQ,,7155233,119095803904,2.4908,,,,,,,,0.0,24.5,3,110.51,77.99,,0.0,,8,,20260905
COF,Capital One Financial Corporation,Financial Services,Credit Services,NYSE,,4157663,134724608000,4.7077,,,,,,,,0.0,25.75,3,259.64,174.24,,0.0,,8,,20260905
PGR,The Progressive Corporation,Financial Services,Insurance - Property & Casualty,NYSE,,2944157,127231852544,4.0123,,,,,,,,0.0,25.75,3,249.71,189.2,,0.0,,8,,20260905
CFRUY,Compagnie Financière Richemont SA,Consumer Cyclical,Luxury Goods,PNK,22.83,514093,134226771968,0.4491,23.46,20.96,-1.4006,,,,,0.0,70.75,3,24.86,16.26,-8.17,0.0,,8,,20260905
AAIGF,AIA Group Limited,Financial Services,Insurance - Life,PNK,9.96,107206,102619275264,0.5699,9.46,10.2,0.8693,0.93,-21.59,-11.82,-12.05,0.0,45.75,3,12.3,8.57,-19.02,0.0,,8,,20260905
BNPQY,BNP Paribas SA,Financial Services,Banks - Regional,OQX,60.7,286201,133054398464,1.0378,60.86,52.65,-0.1544,,,,,0.0,74.5,3,65.5,37.5,-7.33,0.0,,8,,20260905
MZHOF,"Mizuho Financial Group, Inc.",Financial Services,Banks - Regional,PNK,52.41,29879,127340003328,1.3855,50.85,43.79,1.1278,1.77,14.85,51.59,26.28,0.0,81.25,2,55.64,29.79,-5.81,0.0,,8,,20260905
NEM,Newmont Corporation,Basic Materials,Gold,NYSE,,8324126,134967443456,3.8902,,,,,,,,0.0,25.75,3,135.29,75.22,,0.0,,8,,20260905
AAGIY,AIA Group Limited,Financial Services,Insurance - Life,PNK,39.58,576952,101949571072,0.7038,38.24,40.95,1.898,,,,,0.0,47.0,3,46.84,35.53,-15.5,0.0,,8,,20260905
IITSF,Intesa Sanpaolo S.p.A.,Financial Services,Banks - Regional,OID,7.76,37561,135640334336,0.0728,7.48,6.89,3.8885,16.63,9.88,1.74,8.31,0.0,75.0,2,8.09,5.75,-4.08,0.0,,8,,20260905
ENLAY,Enel SpA,Utilities,Utilities - Diversified,PNK,10.49,378214,104067760128,0.1778,11.15,10.79,-3.7134,,,,,0.0,48.25,3,12.14,9.0,-13.59,0.0,,8,,20260905
BP,BP p.l.c.,Energy,Oil & Gas Integrated,NYSE,,9093139,112825753600,0.7085,,,,,,,,0.0,25.75,3,48.27,32.72,,0.0,,8,,20260905
MFG,"Mizuho Financial Group, Inc.",Financial Services,Banks - Regional,NYSE,,3732552,136427036672,0.1538,,,,,,,,0.0,19.5,3,11.33,6.09,,0.0,,8,,20260905
ESOCF,Enel SpA,Utilities,Utilities - Diversified,PNK,10.45,9600,103670931456,0.3903,11.28,11.01,-2.1315,-10.55,-20.15,-4.84,-11.63,0.0,17.0,4,12.51,9.03,-16.47,0.0,,8,,20260905
BYDDY,BYD Company Limited,Consumer Cyclical,Auto Manufacturers,PNK,10.96,1376493,99924484096,0.23,11.15,12.04,-0.8208,,,,,0.0,55.25,4,14.64,9.21,-25.14,0.0,,8,,20260905
ISNPY,Intesa Sanpaolo S.p.A.,Financial Services,Banks - Regional,OID,47.14,211376,137329999872,0.5663,45.22,40.53,3.3894,,,,,0.0,83.75,2,48.42,34.06,-2.64,0.0,,8,,20260905
BYDDF,BYD Company Limited,Consumer Cyclical,Auto Manufacturers,PNK,10.98,256104,100106821632,0.393,11.19,12.13,-0.5314,,,,,0.0,67.75,4,14.95,9.25,-26.56,0.0,,8,,20260905
BNPQF,BNP Paribas SA,Financial Services,Banks - Regional,OQX,119.36,36069,130818564096,3.6324,122.0,104.96,-0.7262,7.27,7.02,20.45,12.45,0.0,73.25,3,135.83,73.01,-12.13,0.0,,8,,20260905
BMO,Bank of Montreal,Financial Services,Banks - Diversified,NYSE,,813176,121919168512,3.8754,,,,,,,,0.0,19.5,3,187.22,119.84,,0.0,,8,,20260905
IFNNY,Infineon Technologies AG,Technology,Semiconductors,OQX,66.17,439866,85987893248,2.4782,73.27,61.28,-2.8655,,,,,0.0,27.5,3,103.28,36.1,-35.93,0.0,,8,,20260905
HNHPF,"Hon Hai Precision Industry Co., Ltd.",Technology,Electronic Components,PNK,16.25,30890,113844838400,0.4304,15.59,14.57,1.5324,,,,,0.0,60.0,2,20.26,11.5,-19.79,0.0,,8,,20260905
VRTX,Vertex Pharmaceuticals Incorporated,Healthcare,Biotechnology,NASDAQ,,1490890,138332192768,11.4915,,,,,,,,0.0,23.25,3,560.25,374.17,,0.0,,8,,20260905
ACN,Accenture plc,Technology,Information Technology Services,NYSE,,8352595,114261827584,6.03,,,,,,,,0.0,29.5,3,291.09,118.15,,0.0,,8,,20260905
PH,Parker-Hannifin Corporation,Industrials,Specialty Industrial Machinery,NYSE,,640034,121332039680,23.1034,,,,,,,,0.0,17.0,3,1099.94,715.37,,0.0,,8,,20260905
PWR,"Quanta Services, Inc.",Industrials,Engineering & Construction,NYSE,,1231977,93875912704,23.2131,,,,,,,,0.0,22.0,3,788.75,363.01,,0.0,,8,,20260905
ZURVY,Zurich Insurance Group AG,Financial Services,Insurance - Diversified,OQX,37.04,100709,110652751872,0.4041,37.27,35.24,-0.5598,,,,,0.0,74.5,3,38.71,33.62,-4.31,0.0,,8,,20260905
SNY,Sanofi,Healthcare,Drug Manufacturers - General,NASDAQ,,3310269,106005127168,0.6215,,,,,,,,0.0,20.75,3,52.68,40.89,,0.0,,8,,20260905
IFNNF,Infineon Technologies AG,Technology,Semiconductors,OQX,63.46,16074,82466242560,2.828,73.96,61.25,-3.7124,-38.29,15.16,48.24,15.03,0.0,28.75,3,103.5,36.56,-38.69,0.0,,8,,20260905
ZFSVF,Zurich Insurance Group AG,Financial Services,Insurance - Diversified,OQX,735.5,301,109861093376,13.9541,738.75,720.47,-0.2331,,,,,0.0,65.75,3,791.41,656.6,-7.06,0.0,,8,,20260905
CM,Canadian Imperial Bank of Commerce,Financial Services,Banks - Diversified,NYSE,,1319111,106682408960,3.0269,,,,,,,,0.0,20.75,3,124.86,77.66,,0.0,,8,,20260905
SPOT,Spotify Technology S.A.,Communication Services,Internet Content & Information,NYSE,,1817536,111534489600,18.5228,,,,,,,,0.0,27.0,3,745.0,405.0,,0.0,,8,,20260905
SO,The Southern Company,Utilities,Utilities - Regulated Electric,NYSE,,5845439,101358485504,1.3292,,,,,,,,0.0,22.0,3,100.84,83.8,,0.0,,8,,20260905
SNYNF,Sanofi,Healthcare,Drug Manufacturers - General,PNK,89.27,33552,106951589888,1.6357,87.31,91.28,1.1989,0.67,-17.53,-31.88,-18.72,0.0,68.25,3,106.34,80.74,-16.05,0.0,,8,,20260905
EQIX,"Equinix, Inc.",Real Estate,REIT - Specialty,NASDAQ,,600004,102221889536,33.691,,,,,,,,0.0,24.5,3,1128.68,720.62,,0.0,,8,,20260905
CEG,Constellation Energy Corporation,Utilities,Utilities - Independent Power Producers,NASDAQ,,3130895,105923731456,9.0592,,,,,,,,0.0,25.75,3,412.7,228.63,,0.0,,8,,20260905
CME,CME Group Inc.,Financial Services,Financial Data & Stock Exchanges,NASDAQ,,2903552,101146050560,5.9569,,,,,,,,0.0,30.75,3,329.16,218.31,,0.0,,8,,20260905
NOW,"ServiceNow, Inc.",Technology,Software - Application,NYSE,,22477476,146043338752,5.9108,,,,,,,,0.0,28.25,3,194.73,81.24,,0.0,,8,,20260905
GLAXF,GSK plc,Healthcare,Drug Manufacturers - General,PNK,25.5,701,102143090688,0.3507,25.44,25.68,0.1592,,,,,0.0,64.5,3,31.48,18.99,-19.0,0.0,,8,,20260905
CDNS,"Cadence Design Systems, Inc.",Technology,Software - Application,NASDAQ,,2324644,80731348992,10.4154,,,,,,,,0.0,20.75,3,416.69,262.75,,0.0,,8,,20260905
HWM,Howmet Aerospace Inc.,Industrials,Aerospace & Defense,NYSE,,2795433,103397236736,8.2669,,,,,,,,0.0,19.5,3,310.0,173.38,,0.0,,8,,20260905
GSK,GSK plc,Healthcare,Drug Manufacturers - General,NYSE,,3854795,99919970304,0.9038,,,,,,,,0.0,25.75,3,61.7,39.29,,0.0,,8,,20260905
BAMGF,Brookfield Corporation,Financial Services,Asset Management,PNK,16.9,2,16197921649,0.0007,16.9,15.83,0.0,-2.67,1.34,0.14,-0.14,0.0,75.0,3,17.17,14.18,-1.59,0.0,,8,,20260905
BN,Brookfield Corporation,Financial Services,Asset Management,NYSE,,3978717,89986088960,0.6877,,,,,,,,0.0,19.5,3,49.57,37.93,,0.0,,8,,20260905
CNQ,Canadian Natural Resources Limited,Energy,Oil & Gas E&P,NYSE,,7908901,104023285760,1.0362,,,,,,,,0.0,24.5,3,52.25,29.68,,0.0,,8,,20260905
MDT,Medtronic plc,Healthcare,Medical Devices,NYSE,,8314149,120456413184,2.1723,,,,,,,,0.0,24.5,3,106.33,73.31,,0.0,,8,,20260905
SNPS,"Synopsys, Inc.",Technology,Software - Infrastructure,NASDAQ,,1898911,75474173952,14.3292,,,,,,,,0.0,19.5,3,615.79,366.0,,0.0,,8,,20260905
MITSF,"Mitsui & Co., Ltd.",Industrials,Conglomerates,PNK,31.0,8274,87859838976,1.0148,29.97,32.87,1.0129,,,,,0.0,63.25,3,42.2,23.02,-26.54,0.0,,8,,20260905
TT,Trane Technologies plc,Industrials,Building Products & Equipment,NYSE,,1205219,98548383744,9.1654,,,,,,,,0.0,17.0,3,505.87,348.06,,0.0,,8,,20260905
ADBE,Adobe Inc.,Technology,Software - Application,NASDAQ,,6178312,105937731584,8.5723,,,,,,,,0.0,28.25,3,370.86,190.12,,0.0,,8,,20260905
EQNR,Equinor ASA,Energy,Oil & Gas Integrated,NYSE,,3465155,99894976512,0.7092,,,,,,,,0.0,29.5,3,44.33,22.26,,0.0,,8,,20260905
MITSY,"Mitsui & Co., Ltd.",Industrials,Conglomerates,PNK,645.61,7590,91489009664,16.4734,602.23,655.66,2.6336,,,,,0.0,73.25,3,835.49,474.29,-22.73,0.0,,8,,20260905
XIACY,Xiaomi Corporation,Technology,Consumer Electronics,PNK,18.03,354196,92794773504,0.5392,16.99,20.56,1.9206,,,,,0.0,63.75,3,38.07,13.55,-52.64,0.0,,8,,20260905
XIACF,Xiaomi Corporation,Technology,Consumer Electronics,PNK,3.63,63617,93412376576,0.1609,3.41,4.13,1.3572,,,,,0.0,62.5,3,7.86,2.52,-53.82,0.0,,8,,20260905
BNS,The Bank of Nova Scotia,Financial Services,Banks - Diversified,NYSE,,2522225,114160787456,2.1085,,,,,,,,0.0,23.25,3,95.34,62.98,,0.0,,8,,20260905
FTNT,"Fortinet, Inc.",Technology,Software - Infrastructure,NASDAQ,,5558539,114672107520,7.0392,,,,,,,,0.0,22.0,3,173.89,73.55,,0.0,,8,,20260905
DUK,Duke Energy Corporation,Utilities,Utilities - Regulated Electric,NYSE,,4011734,93735796736,1.6923,,,,,,,,0.0,25.75,3,134.49,113.9,,0.0,,8,,20260905
ITOCF,ITOCHU Corporation,Industrials,Conglomerates,PNK,14.36,20222,100375142400,0.7688,12.23,19.12,2.7764,20.87,-6.76,-95.47,-35.34,0.0,55.0,3,62.88,10.6,-77.16,0.0,,8,,20260905
MAR,"Marriott International, Inc.",Consumer Cyclical,Lodging,NASDAQ,,1603314,87750467584,6.4248,,,,,,,,0.0,22.0,3,410.98,256.76,,0.0,,8,,20260905
AXAHF,AXA SA,Financial Services,Insurance - Diversified,OQX,50.74,4877,106092355584,0.3807,51.0,47.64,-0.6939,7.54,-0.52,-9.38,-2.05,0.0,62.0,3,52.75,43.0,-3.81,0.0,,8,,20260905
WMB,"The Williams Companies, Inc.",Energy,Oil & Gas Midstream,NYSE,,7126752,90697867264,2.1908,,,,,,,,0.0,24.5,3,80.08,56.09,,0.0,,8,,20260905
AXAHY,AXA SA,Financial Services,Insurance - Diversified,OQX,51.8,84638,108308709376,0.6754,51.06,46.11,1.1015,,,,,0.0,86.25,2,52.56,43.04,-1.45,0.0,,8,,20260905
BNY,The Bank of New York Mellon Corporation,Financial Services,Banks - Diversified,NYSE,,3467565,111844614144,2.8915,,,,,,,,0.0,24.5,3,165.83,102.63,,0.0,,8,,20260905
ITOCY,ITOCHU Corporation,Industrials,Conglomerates,PNK,14.12,487250,98697568256,0.3269,12.45,12.57,5.1212,,,,,0.0,86.25,3,15.1,10.75,-6.49,0.0,,8,,20260905
BRCFF,Brookfield Corporation,Financial Services,Asset Management,PNK,18.87,103,0,0.1159,17.11,16.53,15.1717,10.97,-4.76,14.5,6.88,0.0,76.25,2,18.87,15.16,0.0,0.0,,8,,20260905
STOHF,Equinor ASA,Energy,Oil & Gas Integrated,PNK,43.03,30161,102125936640,0.2844,38.15,32.82,17.1732,11.71,22.41,64.79,36.69,0.0,75.0,2,43.77,22.21,-1.69,0.0,,8,,20260905
CIXPF,"CaixaBank, S.A.",Financial Services,Banks - Regional,PNK,15.22,43,105734922240,0.1084,14.21,12.58,9.3126,14.35,18.66,36.09,24.55,0.0,75.0,2,15.84,9.9,-3.9,0.0,,8,,20260905
IBN,ICICI Bank Limited,Financial Services,Banks - Regional,NYSE,,6629633,108735537152,0.3862,,,,,,,,0.0,23.25,3,33.03,25.08,,0.0,,8,,20260905
FDX,FedEx Corporation,Industrials,Integrated Freight & Logistics,NYSE,,1807034,76330942464,7.9562,,,,,,,,0.0,19.5,3,345.37,178.94,,0.0,,8,,20260905
GMBXF,"Grupo México, S.A.B. de C.V.",Basic Materials,Other Industrial Metals & Mining,PNK,13.21,22242,103369957376,0.549,12.46,11.37,1.3599,,,,,0.0,90.0,2,14.36,6.83,-8.01,0.0,,8,,20260905
MGCOF,"Midea Group Co., Ltd.",Unknown,Unknown,PNK,13.39,7736,0,0.2697,,,,15.72,9.77,15.08,13.38,0.0,18.25,3,13.6,9.0,-1.54,0.0,,8,,20260905
CHDRY,Christian Dior SE,Consumer Cyclical,Luxury Goods,PNK,118.17,130,85276467200,6.2787,125.77,140.13,-1.2104,-10.55,-28.71,-37.2,-27.56,0.0,10.0,4,179.98,112.3,-34.34,0.0,,8,,20260905
ESLOY,EssilorLuxottica Société anonyme,Healthcare,Medical Instruments & Supplies,PNK,86.87,147958,79773294592,1.8619,95.2,121.4,-4.4761,,,,,0.0,7.5,4,186.81,86.45,-53.5,0.0,,8,,20260905
ESLOF,EssilorLuxottica Société anonyme,Healthcare,Medical Instruments & Supplies,PNK,174.12,6558,79947767808,8.0369,190.12,246.15,-1.9912,,,,,0.0,7.5,4,376.38,174.12,-53.74,0.0,,8,,20260905
GD,General Dynamics Corporation,Industrials,Aerospace & Defense,NYSE,,1162530,97235550208,6.6046,,,,,,,,0.0,17.0,3,400.0,306.77,,0.0,,8,,20260905
TKOMF,"Tokio Marine Holdings, Inc.",Financial Services,Insurance - Property & Casualty,PNK,52.93,20792,100554768384,2.6699,47.37,43.13,2.0808,16.85,30.89,-7.63,11.97,0.0,81.25,2,53.99,31.68,-1.96,0.0,,8,,20260905
CAIXY,"CaixaBank, S.A.",Financial Services,Banks - Regional,PNK,5.19,292065,108274679808,0.081,4.87,4.23,3.9069,,,,,0.0,83.75,2,5.21,3.29,-0.39,0.0,,8,,20260905
GPMXY,"Grupo México, S.A.B. de C.V.",Basic Materials,Other Industrial Metals & Mining,PNK,27.25,24804,106617380864,0.8025,25.12,27.25,2.6591,8.65,-0.25,-0.41,1.91,0.0,78.75,3,31.33,20.79,-13.02,0.0,,8,,20260905
MCK,McKesson Corporation,Healthcare,Medical Distribution,NYSE,,1029096,105862881280,20.2011,,,,,,,,0.0,25.75,3,999.0,682.35,,0.0,,8,,20260905
SBKFF,State Bank of India,Financial Services,Banks - Regional,PNK,104.26,233,96238419968,0.6081,109.23,111.93,-8.172,4.92,-33.77,-5.86,-12.94,0.0,49.0,3,140.06,93.25,-25.56,0.0,,8,,20260905
PROSF,Prosus N.V.,Consumer Cyclical,Internet Retail,PNK,44.5,1906,93177364480,0.7863,44.58,51.21,-0.1009,-4.48,-26.93,-48.29,-29.86,0.0,44.5,4,72.77,40.63,-38.85,0.0,,8,,20260905
CHDRF,Christian Dior SE,Consumer Cyclical,Luxury Goods,PNK,464.25,3,83755606016,4.1436,508.32,566.64,-10.6358,-13.8,-32.76,-38.65,-30.38,0.0,1.25,4,708.37,468.0,-34.46,0.0,,8,,20260905
PROSY,Prosus N.V.,Consumer Cyclical,Internet Retail,PNK,8.65,916200,90564083712,0.1966,8.95,10.19,-1.5303,,,,,0.0,20.75,4,14.7,8.3,-41.16,0.0,,8,,20260905
ADP,"Automatic Data Processing, Inc.",Technology,Software - Application,NASDAQ,,2493085,110288084992,4.9885,,,,,,,,0.0,29.5,3,302.68,188.16,,0.0,,8,,20260905
CMCSA,Comcast Corporation,Communication Services,Telecom Services,NASDAQ,,32462058,94003388416,0.5631,,,,,,,,0.0,25.75,3,32.86,21.28,,0.0,,8,,20260905
SNPMF,China Petroleum & Chemical Corporation,Energy,Oil & Gas Integrated,PNK,0.61,34890,73640419328,0.0144,0.55,0.58,4.3113,,,,,0.0,77.5,3,0.72,0.48,-15.28,0.0,,8,,20260905
GLNCY,Glencore plc,Basic Materials,Other Industrial Metals & Mining,PNK,16.22,771147,95033180160,0.3484,14.46,13.43,5.0476,,,,,0.0,86.25,2,16.62,7.58,-2.41,0.0,,8,,20260905
GLCNF,Glencore plc,Basic Materials,Other Industrial Metals & Mining,PNK,8.2,66474,96087801856,0.1764,7.22,6.76,5.5646,0.24,8.53,97.79,42.16,0.0,87.5,2,8.3,3.84,-1.2,0.0,,8,,20260905
WBKCY,Westpac Banking Corporation,Financial Services,Banks - Diversified,PNK,12.8,9900,87421632512,0.8988,12.9,12.8,-0.1116,-3.93,-14.15,-14.15,-11.59,0.0,45.75,3,18.87,11.15,-32.17,0.0,,8,,20260905
FCX,Freeport-McMoRan Inc.,Basic Materials,Copper,NYSE,,14820096,104441561088,2.7892,,,,,,,,0.0,20.75,3,80.24,35.15,,0.0,,8,,20260905
INGVF,ING Groep N.V.,Financial Services,Banks - Diversified,PNK,34.76,915,99164667904,0.3631,33.74,29.16,2.8196,4.9,22.31,28.55,20.45,0.0,75.0,2,36.31,23.6,-4.27,0.0,,8,,20260905
ATLCY,Atlas Copco AB (publ),Industrials,Specialty Industrial Machinery,PNK,18.2,21504,88790900736,0.3174,18.26,17.08,-0.1978,,,,,0.0,63.25,3,19.5,14.07,-6.67,0.0,,8,,20260905
ATLKY,Atlas Copco AB (publ),Industrials,Specialty Industrial Machinery,PNK,21.1,458550,102938894336,0.3934,20.91,19.47,0.4881,,,,,0.0,77.5,2,22.42,15.69,-5.89,0.0,,8,,20260905
ATLFF,Atlas Copco AB (publ),Industrials,Specialty Industrial Machinery,PNK,16.98,4,82838978560,0.0022,16.98,15.21,0.0,-5.02,-3.74,32.43,10.41,0.0,75.0,3,17.93,14.3,-5.29,0.0,,8,,20260905
ATLPF,Atlas Copco AB (publ),Industrials,Specialty Industrial Machinery,PNK,21.14,5746,103109648384,0.109,20.67,18.2,4.2323,7.92,6.01,40.83,20.42,0.0,75.0,2,22.26,14.96,-5.05,0.0,,8,,20260905
TKOMY,"Tokio Marine Holdings, Inc.",Financial Services,Insurance - Property & Casualty,PNK,51.22,130274,97306165248,1.11,48.09,42.99,2.8176,,,,,0.0,82.5,2,52.28,32.13,-2.03,0.0,,8,,20260905
MGCLY,"Midea Group Co., Ltd.",Consumer Cyclical,"Furnishings, Fixtures & Appliances",PNK,12.79,93801,97575337984,0.1706,11.94,10.98,4.9827,17.2,10.37,4.3,9.65,0.0,85.0,2,12.86,9.53,-0.54,0.0,,8,,20260905
CMI,Cummins Inc.,Industrials,Specialty Industrial Machinery,NYSE,,1033222,77377372160,14.6621,,,,,,,,0.0,14.5,3,737.76,390.11,,0.0,,8,,20260905
AEM,Agnico Eagle Mines Limited,Basic Materials,Gold,NYSE,,3158633,103668072448,7.9637,,,,,,,,0.0,25.75,3,255.24,134.38,,0.0,,8,,20260905
PNC,"The PNC Financial Services Group, Inc.",Financial Services,Banks - Regional,NYSE,,1945879,97980571648,4.7762,,,,,,,,0.0,20.75,3,258.96,176.88,,0.0,,8,,20260905
INTU,Intuit Inc.,Technology,Software - Application,NASDAQ,,4630019,91005763584,14.4585,,,,,,,,0.0,25.75,3,705.08,252.84,,0.0,,8,,20260905
WM,"Waste Management, Inc.",Industrials,Waste Management,NYSE,,2112128,87533633536,3.4285,,,,,,,,0.0,22.0,3,248.13,194.11,,0.0,,8,,20260905
HCA,"HCA Healthcare, Inc.",Healthcare,Medical Care Facilities,NYSE,,1528826,89845121024,11.1562,,,,,,,,0.0,22.0,3,556.52,353.99,,0.0,,8,,20260905
SHECY,"Shin-Etsu Chemical Co., Ltd.",Basic Materials,Chemicals,PNK,18.64,481769,67665608704,0.5217,20.16,19.45,-2.9138,,,,,0.0,24.5,4,24.74,13.64,-24.66,0.0,,8,,20260905
ITUB,Itaú Unibanco Holding S.A.,Financial Services,Banks - Regional,NYSE,,21529176,89828253696,0.2038,,,,,,,,0.0,19.5,3,9.6,6.54,,0.0,,8,,20260905
ING,ING Groep N.V.,Financial Services,Banks - Diversified,NYSE,,3041996,106068541440,0.3623,,,,,,,,0.0,22.0,3,37.3,23.63,,0.0,,8,,20260905
NOKBF,Nokia Oyj,Technology,Communication Equipment,PNK,10.0,1093246,55986446336,0.3553,10.53,9.54,-1.5042,,,,,0.0,35.0,3,17.4,4.38,-42.53,0.0,,8,,20260905
NGGTF,National Grid plc,Utilities,Utilities - Regulated Electric,PNK,15.46,5074,77714341888,0.3831,16.17,16.57,-1.8589,,,,,0.0,29.0,4,19.33,13.9,-20.02,0.0,,8,,20260905
BCMXY,"Bank of Communications Co., Ltd.",Financial Services,Banks - Diversified,PNK,24.25,134,85712871424,0.4568,22.36,21.88,4.1424,13.38,6.65,-8.29,2.36,0.0,76.25,2,26.05,19.89,-6.91,0.0,,8,,20260905
ICE,"Intercontinental Exchange, Inc.",Financial Services,Financial Data & Stock Exchanges,NYSE,,4269298,90530471936,3.3462,,,,,,,,0.0,27.0,3,176.59,121.79,,0.0,,8,,20260905
BE,Bloom Energy Corporation,Industrials,Electrical Equipment & Parts,NYSE,,14769782,74477133824,14.5952,,,,,,,,0.0,22.0,3,351.28,52.0,,0.0,,8,,20260905
NOK,Nokia Oyj,Technology,Communication Equipment,NYSE,,90171022,56154406912,0.3246,,,,,,,,0.0,22.0,3,17.45,4.48,,0.0,,8,,20260905
BSX,Boston Scientific Corporation,Healthcare,Medical Devices,NYSE,,19848342,69273174016,1.8608,,,,,,,,0.0,24.5,3,109.5,42.2,,0.0,,8,,20260905
UPS,"United Parcel Service, Inc.",Industrials,Integrated Freight & Logistics,NYSE,,4949331,87026450432,1.8208,,,,,,,,0.0,22.0,3,122.41,82.0,,0.0,,8,,20260905
EPD,Enterprise Products Partners L.P.,Energy,Oil & Gas Midstream,NYSE,,2943869,84090044416,0.5269,,,,,,,,0.0,28.25,3,40.17,30.01,,0.0,,8,,20260905
ELV,"Elevance Health, Inc.",Healthcare,Healthcare Plans,NYSE,,1381806,88374239232,8.4462,,,,,,,,0.0,28.25,3,436.24,274.84,,0.0,,8,,20260905
AMT,American Tower Corporation,Real Estate,REIT - Specialty,NYSE,,2937609,81939079168,3.4562,,,,,,,,0.0,24.5,3,199.4,160.06,,0.0,,8,,20260905
SLB,SLB N.V.,Energy,Oil & Gas Equipment & Services,NYSE,,13758998,85353078784,1.9271,,,,,,,,0.0,24.5,3,60.46,31.64,,0.0,,8,,20260905
NGG,National Grid plc,Utilities,Utilities - Regulated Electric,NYSE,,907701,78538727424,0.9308,,,,,,,,0.0,27.0,3,94.64,69.72,,0.0,,8,,20260905
USB,U.S. Bancorp,Financial Services,Banks - Regional,NYSE,,8146461,98733719552,1.1015,,,,,,,,0.0,24.5,3,66.08,45.02,,0.0,,8,,20260905
CHGCF,"Chugai Pharmaceutical Co., Ltd.",Healthcare,Drug Manufacturers - General,PNK,44.0,7700,72413577216,2.735,43.87,51.53,0.0459,-7.58,-39.08,-14.61,-21.42,0.0,32.5,3,68.08,39.66,-35.37,0.0,,8,,20260905
WEBNF,Westpac Banking Corporation,Financial Services,Banks - Diversified,PNK,24.53,2250,83767681024,0.4362,24.95,26.0,-0.9582,-7.31,-31.63,-20.28,-21.01,0.0,26.5,4,30.71,22.06,-20.12,0.0,,8,,20260905
MNST,Monster Beverage Corporation,Consumer Defensive,Beverages - Non-Alcoholic,NASDAQ,,11242884,85845647360,0.9954,,,,,,,,0.0,23.25,3,50.17,31.04,,0.0,,8,,20260905
MHVYF,"Mitsubishi Heavy Industries, Ltd.",Industrials,Specialty Industrial Machinery,PNK,24.5,13187,82325127168,1.6135,24.54,27.0,-0.0227,,,,,0.0,59.0,4,34.5,20.59,-28.99,0.0,,8,,20260905
CSX,CSX Corporation,Industrials,Railroads,NASDAQ,,11853798,91530780672,1.0268,,,,,,,,0.0,25.75,3,53.6,31.8,,0.0,,8,,20260905
KKR,KKR & Co. Inc.,Financial Services,Asset Management,NYSE,,4408107,99498409984,3.0292,,,,,,,,0.0,24.5,3,152.1,82.67,,0.0,,8,,20260905
JCI,Johnson Controls International plc,Industrials,Building Products & Equipment,NYSE,,3900204,87796162560,3.25,,,,,,,,0.0,19.5,3,157.06,104.03,,0.0,,8,,20260905
MELI,"MercadoLibre, Inc.",Consumer Cyclical,Internet Retail,NASDAQ,,438592,100296523776,66.1139,,,,,,,,0.0,24.5,3,2548.5,1495.0,,0.0,,8,,20260905
SHECF,"Shin-Etsu Chemical Co., Ltd.",Basic Materials,Chemicals,PNK,36.26,7298,65814241280,3.0694,39.77,38.52,-1.1442,-24.29,-22.65,-4.76,-15.9,0.0,20.75,4,50.77,26.74,-28.58,0.0,,8,,20260905
MHVIY,"Mitsubishi Heavy Industries, Ltd.",Industrials,Specialty Industrial Machinery,PNK,12.1,1014587,81317068800,0.3812,12.21,22.06,-0.2828,,,,,0.0,54.5,4,34.0,10.65,-64.41,0.0,,8,,20260905
CHGCY,"Chugai Pharmaceutical Co., Ltd.",Healthcare,Drug Manufacturers - General,PNK,21.63,248922,71195705344,0.5736,22.1,25.73,-0.8133,,,,,0.0,22.0,4,34.84,20.43,-37.92,0.0,,8,,20260905
MRAAF,"Murata Manufacturing Co., Ltd.",Technology,Electronic Components,PNK,46.05,9298,83818102784,3.8426,51.84,35.72,-1.5066,-28.91,82.59,182.72,94.77,0.0,30.0,3,79.27,15.63,-41.91,0.0,,8,,20260905
RCRUY,"Recruit Holdings Co., Ltd.",Communication Services,Internet Content & Information,PNK,20.87,603760,144768630784,0.7571,17.63,12.17,4.2791,,,,,0.0,91.25,2,22.93,7.57,-8.98,0.0,,8,,20260905
AMXOF,"América Móvil, S.A.B. de C.V.",Communication Services,Telecom Services,PNK,1.22,960,73073729536,0.0069,1.19,1.02,4.6972,9.14,5.34,80.99,36.55,0.0,75.0,2,1.42,0.97,-14.08,0.0,,8,,20260905
MIELY,Mitsubishi Electric Corporation,Industrials,Electrical Equipment & Parts,PNK,67.75,89226,69323014144,1.7024,70.98,69.5,-1.8999,,,,,0.0,31.5,4,86.0,49.15,-21.22,0.0,,8,,20260905
EIPAF,Eni S.p.A.,Energy,Oil & Gas Integrated,PNK,27.8,38949,80011935744,0.7179,26.27,24.03,2.1285,4.33,5.95,46.86,21.91,0.0,75.0,2,29.3,16.7,-5.12,0.0,,8,,20260905
BCLYF,Barclays PLC,Financial Services,Banks - Diversified,PNK,6.7,43844,90020241408,0.364,6.78,6.12,-0.2122,,,,,0.0,64.5,3,7.35,4.8,-8.84,0.0,,8,,20260905
OVCHY,Oversea-Chinese Banking Corporation Limited,Financial Services,Banks - Regional,PNK,51.19,32261,114945155072,1.35,45.22,35.59,4.4248,,,,,0.0,82.5,2,52.11,24.89,-1.77,0.0,,8,,20260905
NABZY,National Australia Bank Limited,Financial Services,Banks - Diversified,PNK,14.14,401638,86574555136,0.2758,13.95,14.2,0.6874,,,,,0.0,74.5,3,18.13,12.41,-22.01,0.0,,8,,20260905
MRAAY,"Murata Manufacturing Co., Ltd.",Technology,Electronic Components,PNK,23.32,758738,84899364864,1.0501,25.45,17.76,-2.0327,,,,,0.0,35.0,3,38.72,8.24,-39.77,0.0,,8,,20260905
CIEN,Ciena Corporation,Technology,Communication Equipment,NYSE,,2674776,45520535552,22.3192,,,,,,,,0.0,19.5,3,637.51,113.66,,0.0,,8,,20260905
RACE,Ferrari N.V.,Consumer Cyclical,Auto Manufacturers,NYSE,,480303,72054792192,6.0131,,,,,,,,0.0,25.75,3,504.49,312.51,,0.0,,8,,20260905
OVCHF,Oversea-Chinese Banking Corporation Limited,Financial Services,Banks - Regional,PNK,22.41,168,100630339584,0.2088,21.12,17.0,6.143,22.1,30.18,56.12,38.54,0.0,75.0,2,26.15,12.24,-14.31,0.0,,8,,20260905
NTTYY,"NTT, Inc.",Communication Services,Telecom Services,PNK,27.53,155046,89420750848,0.5984,24.41,24.37,5.2189,,,,,0.0,88.75,2,28.3,21.47,-2.72,0.0,,8,,20260905
RCRRF,"Recruit Holdings Co., Ltd.",Communication Services,Internet Content & Information,PNK,100.92,2255,140010061824,4.4061,86.99,60.64,3.1611,46.47,120.5,58.25,77.09,0.0,75.0,2,117.11,38.8,-13.83,0.0,,8,,20260905
ENGQF,Engie SA,Utilities,Utilities - Diversified,PNK,27.1,25552,68853686272,1.278,30.16,29.37,-2.3945,-13.07,-25.15,14.93,-6.1,0.0,22.0,4,35.36,20.05,-23.36,0.0,,8,,20260905
BCS,Barclays PLC,Financial Services,Banks - Diversified,NYSE,,4431503,90692042752,0.3623,,,,,,,,0.0,20.75,3,28.69,19.29,,0.0,,8,,20260905
MIELF,Mitsubishi Electric Corporation,Industrials,Electrical Equipment & Parts,PNK,35.56,9544,72771264512,2.2088,35.76,34.94,-0.0906,-10.09,-16.91,29.87,3.51,0.0,45.75,3,44.01,23.66,-19.19,0.0,,8,,20260905
AMX,"América Móvil, S.A.B. de C.V.",Communication Services,Telecom Services,NYSE,,2092561,68880973824,0.4185,,,,,,,,0.0,19.5,3,28.46,19.41,,0.0,,8,,20260905
SU,Suncor Energy Inc.,Energy,Oil & Gas Integrated,NYSE,,4606977,78751162368,1.4392,,,,,,,,0.0,23.25,3,70.29,37.77,,0.0,,8,,20260905
NXPI,NXP Semiconductors N.V.,Technology,Semiconductors,NASDAQ,,4088231,57451827200,5.2477,,,,,,,,0.0,19.5,3,339.95,183.0,,0.0,,8,,20260905
NPPXF,"NTT, Inc.",Communication Services,Telecom Services,PNK,1.1,206114,89323315200,0.0383,0.95,0.97,3.8746,12.2,4.19,-10.61,0.27,0.0,80.0,3,1.2,0.85,-8.33,0.0,,8,,20260905
ENGIY,Engie SA,Utilities,Utilities - Diversified,PNK,27.82,220815,70683000832,0.5007,30.23,29.4,-4.8063,,,,,0.0,22.0,4,35.16,20.68,-20.88,0.0,,8,,20260905
ABNB,"Airbnb, Inc.",Consumer Cyclical,Travel Services,NASDAQ,,4373176,108943065088,4.6754,,,,,,,,0.0,27.0,3,193.45,110.81,,0.0,,8,,20260905
MMM,3M Company,Industrials,Conglomerates,NYSE,,3447852,86930169856,3.1563,,,,,,,,0.0,20.75,3,184.9,139.34,,0.0,,8,,20260905
MDLZ,"Mondelez International, Inc.",Consumer Defensive,Confectioners,NASDAQ,,8969331,78662057984,1.1469,,,,,,,,0.0,24.5,3,66.65,51.2,,0.0,,8,,20260905
E,Eni S.p.A.,Energy,Oil & Gas Integrated,NYSE,,416022,77105037312,0.7085,,,,,,,,0.0,23.25,3,58.0,34.03,,0.0,,8,,20260905
DDOG,"Datadog, Inc.",Technology,Software - Application,NASDAQ,,4706384,76457836544,11.2655,,,,,,,,0.0,22.0,3,292.72,98.01,,0.0,,8,,20260905
MRSH,"Marsh & McLennan Companies, Inc.",Financial Services,Insurance Brokers,NYSE,,2430220,88637218816,3.6169,,,,,,,,0.0,20.75,3,207.83,156.6,,0.0,,8,,20260905
NOC,Northrop Grumman Corporation,Industrials,Aerospace & Defense,NYSE,,881934,73159614464,12.06,,,,,,,,0.0,19.5,3,774.0,479.02,,0.0,,8,,20260905
VCISY,Vinci SA,Industrials,Engineering & Construction,PNK,33.0,342155,73043083264,0.5379,34.62,35.8,-3.0118,,,,,0.0,30.25,4,42.1,32.21,-21.62,0.0,,8,,20260905
VCISF,Vinci SA,Industrials,Engineering & Construction,PNK,128.8,323,71272341504,1.1951,138.99,143.28,-8.5236,-13.05,-34.95,-19.36,-23.24,0.0,0.0,4,167.75,128.8,-23.22,0.0,,8,,20260905
RKLB,Rocket Lab Corporation,Industrials,Aerospace & Defense,NASDAQ,,21870938,41088552960,2.8296,,,,,,,,0.0,24.5,3,151.0,37.57,,0.0,,8,,20260905
BAESY,BAE Systems plc,Industrials,Aerospace & Defense,PNK,105.81,315293,77476913152,2.0881,109.25,106.78,-1.6455,,,,,0.0,54.0,3,126.0,84.5,-16.02,0.0,,8,,20260905
BAESF,BAE Systems plc,Industrials,Aerospace & Defense,PNK,26.75,21955,78348263424,1.2688,27.58,26.78,-0.6524,,,,,0.0,56.5,3,32.21,21.12,-16.95,0.0,,8,,20260905
MCO,Moody's Corporation,Financial Services,Financial Data & Stock Exchanges,NYSE,,881706,85473476608,11.5246,,,,,,,,0.0,27.0,3,546.88,402.28,,0.0,,8,,20260905
MPWR,"Monolithic Power Systems, Inc.",Technology,Semiconductors,NASDAQ,,917577,60144152576,42.1077,,,,,,,,0.0,17.0,3,1714.09,830.0,,0.0,,8,,20260905
LLDTF,Lloyds Banking Group plc,Financial Services,Banks - Regional,PNK,1.52,38161,88019353600,0.0376,1.5,1.34,0.4361,17.3,10.49,16.37,14.55,0.0,77.5,2,1.68,1.0,-9.52,0.0,,8,,20260905
ASX,"ASE Technology Holding Co., Ltd.",Technology,Semiconductors,NYSE,,9946303,97663483904,1.1538,,,,,,,,0.0,22.0,3,45.52,10.34,,0.0,,8,,20260905
LLOBF,Lloyds Banking Group plc 9.25% NON-CUM IRR PRF SHS GBP0.25,Unknown,Unknown,PNK,2.0,0,0,0.0012,2.01,2.05,-6.8277,-2.39,-13.69,-23.96,-14.97,0.0,36.0,1,2.27,1.86,-11.89,0.0,,8,,20260905
LYG,Lloyds Banking Group plc,Financial Services,Banks - Regional,NYSE,,19055936,88019353600,0.0769,,,,,,,,0.0,19.5,3,6.34,4.31,,0.0,,8,,20260905
CP,Canadian Pacific Kansas City Limited,Industrials,Railroads,NYSE,,2550484,80523657216,1.9062,,,,,,,,0.0,23.25,3,96.9,68.42,,0.0,,8,,20260905
BAM,Brookfield Asset Management Ltd.,Financial Services,Asset Management,NYSE,,2489900,80820928512,1.0231,,,,,,,,0.0,20.75,3,62.57,42.2,,0.0,,8,,20260905
EMR,Emerson Electric Co.,Industrials,Specialty Industrial Machinery,NYSE,,2717520,85594480640,3.4438,,,,,,,,0.0,19.5,3,166.35,122.64,,0.0,,8,,20260905
NET,"Cloudflare, Inc.",Technology,Software - Infrastructure,NYSE,,3508928,99317760000,14.9964,,,,,,,,0.0,22.0,3,332.22,158.83,,0.0,,8,,20260905
ANZGY,ANZ Group Holdings Limited,Financial Services,Banks - Diversified,PNK,27.45,136311,82652782592,0.4403,25.84,25.19,3.6637,,,,,0.0,86.25,2,29.11,21.02,-5.7,0.0,,8,,20260905
SHW,The Sherwin-Williams Company,Basic Materials,Specialty Chemicals,NYSE,,2197352,81010819072,6.4375,,,,,,,,0.0,17.0,3,377.77,289.86,,0.0,,8,,20260905
ORLY,"O'Reilly Automotive, Inc.",Consumer Cyclical,Auto Parts,NASDAQ,,7366049,71099564032,1.6962,,,,,,,,0.0,20.75,3,108.72,82.59,,0.0,,8,,20260905
ANZGF,ANZ Group Holdings Limited,Financial Services,Banks - Diversified,PNK,25.7,25,77383483392,0.0214,25.14,24.84,26.3972,2.0,-19.66,8.44,-3.01,0.0,75.0,2,28.73,21.18,-10.53,0.0,,8,,20260905
CI,The Cigna Group,Healthcare,Healthcare Plans,NYSE,,1672804,74653220864,4.9023,,,,,,,,0.0,22.0,3,315.47,239.51,,0.0,,8,,20260905
ROST,"Ross Stores, Inc.",Consumer Cyclical,Apparel Retail,NASDAQ,,2822139,73694642176,5.8285,,,,,,,,0.0,22.0,3,257.0,143.39,,0.0,,8,,20260905
EOG,"EOG Resources, Inc.",Energy,Oil & Gas E&P,NYSE,,3369977,77332340736,2.8354,,,,,,,,0.0,27.0,3,153.67,101.59,,0.0,,8,,20260905
KMI,"Kinder Morgan, Inc.",Energy,Oil & Gas Midstream,NYSE,,10217039,69859532800,0.8131,,,,,,,,0.0,24.5,3,34.81,25.6,,0.0,,8,,20260905
CVNA,Carvana Co.,Consumer Cyclical,Auto & Truck Dealerships,NYSE,,10105741,82680307712,3.2806,,,,,,,,0.0,25.75,3,97.38,54.46,,0.0,,8,,20260905
MPC,Marathon Petroleum Corporation,Energy,Oil & Gas Refining & Marketing,NYSE,,2377244,113534156800,10.284,,,,,,,,0.0,28.25,3,398.52,161.93,,0.0,,8,,20260905
APO,"Apollo Global Management, Inc.",Financial Services,Asset Management,NYSE,,3970536,78937907200,3.4867,,,,,,,,0.0,25.75,3,153.29,99.56,,0.0,,8,,20260905
COHR,Coherent Corp.,Technology,Scientific & Technical Instruments,NYSE,,6035823,55197274112,14.9785,,,,,,,,0.0,20.75,3,440.0,94.55,,0.0,,8,,20260905
TRP,TC Energy Corporation,Energy,Oil & Gas Midstream,NYSE,,2347600,65225027584,1.3523,,,,,,,,0.0,23.25,3,71.47,49.27,,0.0,,8,,20260905
LITE,Lumentum Holdings Inc.,Technology,Communication Equipment,NASDAQ,,4907500,79048572928,57.5582,,,,,,,,0.0,24.5,3,1085.68,144.2,,0.0,,8,,20260905
VLO,Valero Energy Corporation,Energy,Oil & Gas Refining & Marketing,NYSE,,2842442,106740465664,9.6685,,,,,,,,0.0,25.75,3,375.11,153.2,,0.0,,8,,20260905
HLT,Hilton Worldwide Holdings Inc.,Consumer Cyclical,Lodging,NYSE,,2115790,70035701760,6.3531,,,,,,,,0.0,22.0,3,358.0,253.54,,0.0,,8,,20260905
VOLAF,AB Volvo (publ),Industrials,Farm & Heavy Construction Machinery,PNK,35.94,14,57953382400,0.0733,35.35,34.4,8.0841,-2.55,-19.06,0.44,-7.13,0.0,75.0,2,37.82,26.89,-4.97,0.0,,8,,20260905
ITW,Illinois Tool Works Inc.,Industrials,Specialty Industrial Machinery,NYSE,,1332500,76930170880,4.8431,,,,,,,,0.0,17.0,3,303.16,238.82,,0.0,,8,,20260905
CL,Colgate-Palmolive Company,Consumer Defensive,Household & Personal Products,NYSE,,4744684,70765027328,1.4485,,,,,,,,0.0,23.25,3,99.33,74.55,,0.0,,8,,20260905
NTES,"NetEase, Inc.",Communication Services,Electronic Gaming & Multimedia,NASDAQ,,913161,76375441408,2.2614,,,,,,,,0.0,23.25,3,159.55,106.06,,0.0,,8,,20260905
AEP,"American Electric Power Company, Inc.",Utilities,Utilities - Regulated Electric,NASDAQ,,4501634,67777474560,2.0977,,,,,,,,0.0,28.25,3,140.58,105.7,,0.0,,8,,20260905
ECL,Ecolab Inc.,Basic Materials,Specialty Chemicals,NYSE,,1493706,78290173952,5.4769,,,,,,,,0.0,24.5,3,309.27,243.15,,0.0,,8,,20260905
PSX,Phillips 66,Energy,Oil & Gas Refining & Marketing,NYSE,,2747476,101786247168,6.5392,,,,,,,,0.0,28.25,3,260.68,126.74,,0.0,,8,,20260905
GM,General Motors Company,Consumer Cyclical,Auto Manufacturers,NYSE,,7078692,79374663680,2.01,,,,,,,,0.0,23.25,3,91.85,54.33,,0.0,,8,,20260905
NSC,Norfolk Southern Corporation,Industrials,Railroads,NYSE,,1157117,73999474688,6.3638,,,,,,,,0.0,23.25,3,358.6,268.23,,0.0,,8,,20260905
VOLVF,AB Volvo (publ),Industrials,Farm & Heavy Construction Machinery,PNK,36.75,11215,74729365504,0.6516,36.01,34.47,1.1394,3.0,-12.14,5.07,-1.47,0.0,76.25,2,39.61,26.03,-7.22,0.0,,8,,20260905
CNI,Canadian National Railway Company,Industrials,Railroads,NYSE,,1557615,74626506752,2.2769,,,,,,,,0.0,24.5,3,131.55,90.74,,0.0,,8,,20260905
DASH,"DoorDash, Inc.",Consumer Cyclical,Internet Retail,NASDAQ,,4452092,91742175232,7.5916,,,,,,,,0.0,27.0,3,285.5,143.3,,0.0,,8,,20260905
JPPTY,"JAPAN POST BANK Co., Ltd.",Financial Services,Banks - Regional,PNK,21.64,74570,77081370624,0.6294,20.16,17.33,2.3474,,,,,0.0,87.5,2,22.79,9.46,-5.05,0.0,,8,,20260905
MURGF,Münchener Rückversicherungs-Gesellschaft Aktiengesellschaft in München,Financial Services,Insurance - Reinsurance,PNK,622.41,1746,78308179968,15.0247,588.28,589.6,2.2713,20.38,-6.25,-15.25,-3.19,0.0,81.25,3,692.06,506.18,-10.06,0.0,,8,,20260905
AON,Aon plc,Financial Services,Insurance Brokers,NYSE,,1414855,68535607296,9.1515,,,,,,,,0.0,23.25,3,382.34,304.59,,0.0,,8,,20260905
CTAS,Cintas Corporation,Industrials,Specialty Business Services,NASDAQ,,2187307,80221995008,2.9608,,,,,,,,0.0,23.25,3,219.17,161.16,,0.0,,8,,20260905
MURGY,Münchener Rückversicherungs-Gesellschaft Aktiengesellschaft in München,Financial Services,Insurance - Reinsurance,PNK,12.22,1022822,76872638464,0.157,11.79,11.76,2.7628,,,,,0.0,85.0,2,13.68,10.09,-10.67,0.0,,8,,20260905
ARZGY,Assicurazioni Generali S.p.A.,Financial Services,Insurance - Diversified,PNK,25.97,83719,78365065216,0.3091,24.86,21.48,3.5983,13.5,23.43,20.69,19.85,0.0,82.5,2,25.99,18.61,-0.08,0.0,,8,,20260905
ET,Energy Transfer LP,Energy,Oil & Gas Midstream,NYSE,,8802749,74030940160,0.3208,,,,,,,,0.0,24.5,3,21.77,16.18,,0.0,,8,,20260905
VALE,Vale S.A.,Basic Materials,Other Industrial Metals & Mining,NYSE,,23968107,64985497600,0.44,,,,,,,,0.0,24.5,3,17.94,10.33,,0.0,,8,,20260905
NETTF,"NetEase, Inc.",Communication Services,Electronic Gaming & Multimedia,PNK,25.06,147,80223346688,0.2496,24.21,24.09,3.4046,11.75,-5.2,-20.58,-7.11,0.0,75.0,2,33.14,19.4,-24.39,0.0,,8,,20260905
ARZGF,Assicurazioni Generali S.p.A.,Financial Services,Insurance - Diversified,PNK,48.0,157,52821733376,0.0078,47.82,42.88,23.3955,4.36,4.18,-0.29,2.44,0.0,75.0,2,48.0,35.01,0.0,0.0,,8,,20260905
RCL,Royal Caribbean Cruises Ltd.,Consumer Cyclical,Travel Services,NYSE,,2214074,70925615104,7.3231,,,,,,,,0.0,15.75,3,362.79,232.1,,0.0,,8,,20260905
JAPAF,Japan Tobacco Inc.,Consumer Defensive,Tobacco,PNK,41.82,279,74245455872,0.8295,40.52,38.5,1.5649,2.32,-7.92,12.82,2.94,0.0,75.0,2,47.01,29.74,-11.04,0.0,,8,,20260905
JAPAY,Japan Tobacco Inc.,Consumer Defensive,Tobacco,PNK,21.78,72401,77334577152,0.3345,20.7,19.19,3.2182,,,,,0.0,78.75,2,22.62,15.56,-3.73,0.0,,8,,20260905
VLVLY,AB Volvo (publ),Industrials,Farm & Heavy Construction Machinery,PNK,36.38,169823,73976987648,0.6027,35.98,33.85,0.6589,,,,,0.0,83.75,2,39.62,26.11,-8.17,0.0,,8,,20260905
B,Barrick Mining Corporation,Basic Materials,Gold,NYSE,,10770888,73653329920,1.4424,,,,,,,,0.0,27.0,3,54.69,27.43,,0.0,,8,,20260905
TDG,TransDigm Group Incorporated,Industrials,Aerospace & Defense,NYSE,,392234,64997625856,23.0046,,,,,,,,0.0,17.0,3,1463.03,1123.61,,0.0,,8,,20260905
WBD,"Warner Bros. Discovery, Inc.",Communication Services,Entertainment,NASDAQ,,22299293,70826614784,0.32,,,,,,,,0.0,24.5,3,30.0,11.77,,0.0,,8,,20260905
HKXCF,Hong Kong Exchanges and Clearing Limited,Financial Services,Financial Data & Stock Exchanges,PNK,50.72,4528,64110018560,2.2886,49.95,50.89,0.338,-4.43,-15.05,-27.9,-17.54,0.0,69.5,3,59.81,44.59,-15.2,0.0,,8,,20260905
DLR,"Digital Realty Trust, Inc.",Real Estate,REIT - Specialty,NYSE,,2978398,71148068864,5.43,,,,,,,,0.0,22.0,3,208.14,146.23,,0.0,,8,,20260905
MSI,"Motorola Solutions, Inc.",Technology,Communication Equipment,NYSE,,1017211,77459365888,10.0254,,,,,,,,0.0,25.75,3,494.85,359.36,,0.0,,8,,20260905
CRH,CRH plc,Basic Materials,Building Materials,NYSE,,4482634,62709714944,2.3923,,,,,,,,0.0,20.75,3,131.55,90.21,,0.0,,8,,20260905
REGN,"Regeneron Pharmaceuticals, Inc.",Healthcare,Biotechnology,NASDAQ,,853096,85217902592,19.4338,,,,,,,,0.0,25.75,3,859.34,541.0,,0.0,,8,,20260905
SOBKY,SoftBank Corp.,Communication Services,Telecom Services,PNK,15.25,200653,72946417664,0.5787,14.04,13.79,2.0897,,,,,0.0,82.5,2,16.3,12.44,-6.44,0.0,,8,,20260905
SPG,"Simon Property Group, Inc.",Real Estate,REIT - Retail,NYSE,,1796333,79508340736,2.7431,,,,,,,,0.0,15.75,3,238.5,172.19,,0.0,,8,,20260905
HOOD,"Robinhood Markets, Inc.",Financial Services,Capital Markets,NASDAQ,,24758644,109786939392,6.6065,,,,,,,,0.0,23.25,3,153.86,63.52,,0.0,,8,,20260905
RNMBY,Rheinmetall AG,Industrials,Aerospace & Defense,PNK,240.07,64131,56018014208,7.8801,251.73,323.77,-1.4797,,,,,0.0,18.25,4,468.9,211.2,-48.8,0.0,,8,,20260905
NKE,"NIKE, Inc.",Consumer Cyclical,Footwear & Accessories,NYSE,,24923942,56966352896,0.8863,,,,,,,,0.0,22.0,3,76.97,37.95,,0.0,,8,,20260905
HKXCY,Hong Kong Exchanges and Clearing Limited,Financial Services,Financial Data & Stock Exchanges,PNK,52.45,181036,66296733696,0.7799,50.25,50.82,2.82,,,,,0.0,90.0,3,59.42,45.74,-11.73,0.0,,8,,20260905
MKGAF,Merck KGaA,Healthcare,Drug Manufacturers - Specialty & Generic,PNK,159.12,542,69181857792,9.0266,163.68,147.88,-0.5054,,,,,0.0,67.0,3,175.56,116.68,-9.36,0.0,,8,,20260905
SFBQF,SoftBank Corp.,Communication Services,Telecom Services,PNK,1.44,26642,68880556032,0.0841,1.37,1.37,0.821,6.54,-13.39,-26.41,-13.62,0.0,81.25,2,1.74,1.17,-17.24,0.0,,8,,20260905
BKR,Baker Hughes Company,Energy,Oil & Gas Equipment & Services,NASDAQ,,8250093,63034802176,1.5431,,,,,,,,0.0,20.75,3,70.41,43.92,,0.0,,8,,20260905
RNMBF,Rheinmetall AG,Industrials,Aerospace & Defense,PNK,1230.0,533,57401716736,65.9654,1260.18,1621.67,-0.4575,,,,,0.0,25.75,4,2398.68,1017.57,-48.72,0.0,,8,,20260905
TRV,"The Travelers Companies, Inc.",Financial Services,Insurance - Property & Casualty,NYSE,,1950374,77037182976,5.8531,,,,,,,,0.0,20.75,3,398.7,252.26,,0.0,,8,,20260905
BHKLY,BOC Hong Kong (Holdings) Limited,Financial Services,Banks - Regional,PNK,135.5,3034,71630585856,2.2656,124.69,110.24,4.7726,,,,,0.0,83.75,2,135.5,92.3,0.0,0.0,,8,,20260905
MKKGY,Merck KGaA,Healthcare,Drug Manufacturers - Specialty & Generic,PNK,31.48,57609,68434034688,0.5375,32.41,28.95,-1.7229,,,,,0.0,73.25,3,34.19,23.73,-7.93,0.0,,8,,20260905
DHLGY,DHL AG,Industrials,Integrated Freight & Logistics,OID,31.85,381920,71295795200,0.4341,32.16,28.32,-0.7049,,,,,0.0,73.25,3,33.44,21.77,-4.75,0.0,,8,,20260905
DPSTF,DHL AG,Industrials,Integrated Freight & Logistics,OID,64.31,2138,71978532864,0.6284,64.16,57.58,0.2416,2.18,-1.26,21.51,8.71,0.0,76.25,2,66.89,43.31,-3.86,0.0,,8,,20260905
MFC,Manulife Financial Corporation,Financial Services,Insurance - Life,NYSE,,2165328,73463218176,0.7615,,,,,,,,0.0,22.0,3,45.33,30.49,,0.0,,8,,20260905
NRDBY,Nordea Bank Abp,Financial Services,Banks - Regional,OQX,20.84,793179,70725828608,0.317,19.6,18.14,3.9081,,,,,0.0,85.0,2,21.39,15.59,-2.57,0.0,,8,,20260905
APD,"Air Products and Chemicals, Inc.",Basic Materials,Specialty Chemicals,NYSE,,1242055,67088470016,5.8862,,,,,,,,0.0,25.75,3,314.87,229.11,,0.0,,8,,20260905
KDDIY,KDDI Corporation,Communication Services,Telecom Services,PNK,19.01,231576,70260252672,0.5778,17.86,17.12,1.9983,,,,,0.0,91.25,2,19.75,12.95,-3.75,0.0,,8,,20260905
IMO,Imperial Oil Limited,Energy,Oil & Gas Integrated,NYSE,,528122,63954747392,2.7323,,,,,,,,0.0,24.5,3,139.44,83.27,,0.0,,8,,20260905
KDDIF,KDDI Corporation,Communication Services,Telecom Services,PNK,18.3,536,67636113408,0.3434,17.75,16.93,1.6075,6.54,-7.44,-15.73,-7.26,0.0,77.5,2,19.83,14.18,-7.72,0.0,,8,,20260905
FIX,"Comfort Systems USA, Inc.",Industrials,Engineering & Construction,NYSE,,482192,56674832384,71.3808,,,,,,,,0.0,20.75,3,2073.99,682.0,,0.0,,8,,20260905
RSG,"Republic Services, Inc.",Industrials,Waste Management,NYSE,,1489063,68196696064,3.4762,,,,,,,,0.0,25.75,3,233.77,196.41,,0.0,,8,,20260905
MPNGY,Meituan,Consumer Cyclical,Internet Retail,PNK,20.78,253187,58108030976,0.6438,21.24,22.16,-0.7093,,,,,0.0,61.5,4,27.54,16.23,-24.55,0.0,,8,,20260905
NBNKF,Nordea Bank Abp,Financial Services,Banks - Regional,OQX,19.42,752,65906696192,0.0595,19.09,18.68,5.4783,-1.71,-14.5,7.17,-2.63,0.0,75.0,2,20.76,15.1,-6.45,0.0,,8,,20260905
RBSPF,NatWest Group plc,Financial Services,Banks - Regional,PNK,9.33,27452,74074644480,0.4263,9.02,8.14,0.7321,16.22,9.97,20.24,15.64,0.0,83.75,2,9.8,6.71,-4.8,0.0,,8,,20260905
MQBKY,Macquarie Group Limited,Financial Services,Capital Markets,PNK,181.42,12322,69146124288,2.2922,179.46,156.57,0.8535,,,,,0.0,82.5,2,190.3,122.37,-4.67,0.0,,8,,20260905
NWG,NatWest Group plc,Financial Services,Banks - Regional,NYSE,,4291338,75186167808,0.2215,,,,,,,,0.0,20.75,3,19.42,13.56,,0.0,,8,,20260905
MPNGF,Meituan,Consumer Cyclical,Internet Retail,PNK,9.75,4074,54528708608,0.3593,10.39,11.01,-1.7862,-4.89,-14.09,-50.27,-26.26,0.0,31.25,4,14.2,8.2,-31.34,0.0,,8,,20260905
NU,Nu Holdings Ltd.,Financial Services,Banks - Regional,NYSE,,75623276,74247684096,0.6236,,,,,,,,0.0,24.5,3,18.98,11.2,,0.0,,8,,20260905
NNFSF,"Nongfu Spring Co., Ltd.",Consumer Defensive,Beverages - Non-Alcoholic,PNK,5.41,3221,60843380736,0.0413,5.32,5.25,2.1688,-4.2,-10.41,-11.26,-9.2,0.0,51.25,3,7.21,5.1,-24.97,0.0,,8,,20260905
PSTVY,"Postal Savings Bank of China Co., Ltd.",Financial Services,Banks - Regional,PNK,13.73,1917,92429606912,0.7682,12.49,12.7,1.602,10.08,-0.98,-22.29,-6.74,0.0,88.75,3,14.95,10.65,-8.19,0.0,,8,,20260905
BNKHF,BOC Hong Kong (Holdings) Limited,Financial Services,Banks - Regional,PNK,5.95,17,62908043264,0.0039,6.05,5.5,-26.9736,2.76,-3.22,9.66,3.43,0.0,62.0,3,6.15,4.25,-3.25,0.0,,8,,20260905
LSEGY,London Stock Exchange Group plc,Financial Services,Financial Data & Stock Exchanges,OQX,29.74,1071473,57604665344,0.8414,29.2,29.25,0.6451,,,,,0.0,86.25,3,34.23,24.07,-13.12,0.0,,8,,20260905
LDNXF,London Stock Exchange Group plc,Financial Services,Financial Data & Stock Exchanges,OQX,119.8,6190,58011422720,2.0043,116.5,116.5,1.6453,-3.81,-9.16,-23.43,-13.53,0.0,61.25,3,138.99,95.04,-13.81,0.0,,8,,20260905
DB,Deutsche Bank Aktiengesellschaft,Financial Services,Banks - Regional,NYSE,,2206722,77659078656,0.51,,,,,,,,0.0,23.25,3,41.56,28.12,,0.0,,8,,20260905
SRE,Sempra,Utilities,Utilities - Diversified,NYSE,,3947725,54953787392,2.19,,,,,,,,0.0,29.5,3,101.04,78.97,,0.0,,8,,20260905
CRARY,Crédit Agricole S.A.,Financial Services,Banks - Regional,PNK,10.91,219088,65822826496,0.1527,10.66,9.72,1.6508,,,,,0.0,88.75,2,11.66,8.81,-6.43,0.0,,8,,20260905
WFAFY,Wesfarmers Limited,Consumer Cyclical,Home Improvement Retail,PNK,28.3,74458,64245649408,0.627,30.72,28.15,-3.8689,,,,,0.0,60.0,3,33.31,24.5,-15.06,0.0,,8,,20260905
TFC,Truist Financial Corporation,Financial Services,Banks - Regional,NYSE,,8197866,63096995840,0.9408,,,,,,,,0.0,22.0,3,56.2,40.78,,0.0,,8,,20260905
SNGNF,Singapore Telecommunications Limited,Communication Services,Telecom Services,PNK,3.42,13457,55761612800,0.0324,3.37,3.61,1.5872,3.82,-26.39,-21.44,-16.86,0.0,62.0,3,4.25,3.06,-19.53,0.0,,8,,20260905
STM,STMicroelectronics N.V.,Technology,Semiconductors,NYSE,,11050395,46601060352,1.3585,,,,,,,,0.0,17.0,3,81.42,21.11,,0.0,,8,,20260905
AFL,Aflac Incorporated,Financial Services,Insurance - Life,NYSE,,2280028,58762448896,1.7295,,,,,,,,0.0,19.5,3,130.22,104.66,,0.0,,8,,20260905
SNOW,Snowflake Inc.,Technology,Software - Application,NYSE,,5671595,116866588672,13.4481,,,,,,,,0.0,23.25,3,384.56,118.3,,0.0,,8,,20260905
D,"Dominion Energy, Inc.",Utilities,Utilities - Regulated Electric,NYSE,,4911628,57907986432,1.0369,,,,,,,,0.0,23.25,3,72.99,55.85,,0.0,,8,,20260905
F,Ford Motor Company,Consumer Cyclical,Auto Manufacturers,NYSE,,49621125,58298650624,0.3554,,,,,,,,0.0,25.75,3,17.78,11.11,,0.0,,8,,20260905
KEYS,"Keysight Technologies, Inc.",Technology,Scientific & Technical Instruments,NYSE,,1428065,55705784320,11.1698,,,,,,,,0.0,25.75,3,374.96,158.79,,0.0,,8,,20260905
TRGP,Targa Resources Corp.,Energy,Oil & Gas Midstream,NYSE,,1246061,62195716096,7.9262,,,,,,,,0.0,22.0,3,307.94,144.14,,0.0,,8,,20260905
MCQEF,Macquarie Group Limited,Financial Services,Capital Markets,PNK,184.5,47,71102357504,0.235,175.18,155.6,39.6544,11.19,14.35,8.55,11.24,0.0,75.0,2,184.5,125.94,0.0,0.0,,8,,20260905
NTIOF,National Bank of Canada,Financial Services,Banks - Diversified,PNK,157.78,56039,60439437312,3.2887,160.2,140.34,-0.7354,,,,,0.0,73.25,3,171.47,104.99,-7.98,0.0,,8,,20260905
CRARF,Crédit Agricole S.A.,Financial Services,Banks - Regional,PNK,21.43,625,64646344704,0.2592,21.07,19.34,1.4066,10.34,1.13,4.94,4.96,0.0,76.25,2,23.21,18.1,-7.67,0.0,,8,,20260905
OKE,"ONEOK, Inc.",Energy,Oil & Gas Midstream,NYSE,,3665788,60124033024,2.4477,,,,,,,,0.0,24.5,3,99.85,64.02,,0.0,,8,,20260905
TEL,TE Connectivity plc,Technology,Electronic Components,NYSE,,2428893,60496117760,5.5093,,,,,,,,0.0,22.0,3,252.56,190.27,,0.0,,8,,20260905
SGAPY,Singapore Telecommunications Limited,Communication Services,Telecom Services,PNK,35.68,68114,58174689280,0.9028,34.11,35.46,1.7444,,,,,0.0,85.0,3,41.2,30.69,-13.4,0.0,,8,,20260905
GWW,"W.W. Grainger, Inc.",Industrials,Industrial Distribution,NYSE,,294857,62533304320,24.5308,,,,,,,,0.0,23.25,3,1419.91,906.52,,0.0,,8,,20260905
URI,"United Rentals, Inc.",Industrials,Rental & Leasing Services,NYSE,,479788,62856196096,29.7338,,,,,,,,0.0,18.25,3,1179.18,701.59,,0.0,,8,,20260905
RLXXF,RELX PLC,Industrials,Specialty Business Services,PNK,35.35,16839,61567909888,1.6455,34.23,34.74,0.6777,,,,,0.0,82.5,3,48.92,26.94,-27.74,0.0,,8,,20260905
OXY,Occidental Petroleum Corporation,Energy,Oil & Gas E&P,NYSE,,8770976,60018229248,1.1623,,,,,,,,0.0,24.5,3,67.45,38.8,,0.0,,8,,20260905
LHX,"L3Harris Technologies, Inc.",Industrials,Aerospace & Defense,NYSE,,1542088,47754743808,5.2831,,,,,,,,0.0,18.25,3,379.23,256.05,,0.0,,8,,20260905
RELX,RELX PLC,Industrials,Specialty Business Services,NYSE,,2532522,61846577152,0.6285,,,,,,,,0.0,27.0,3,48.4,27.57,,0.0,,8,,20260905
SMTOY,"Sumitomo Electric Industries, Ltd.",Consumer Cyclical,Auto Parts,PNK,6.89,637617,42989182976,0.3268,7.48,7.25,-1.7925,,,,,0.0,22.0,4,11.14,3.47,-38.16,0.0,,8,,20260905
STMEF,STMicroelectronics N.V.,Technology,Semiconductors,PNK,49.89,73760,44502761472,0.7199,58.44,44.92,-11.8736,-37.74,39.4,73.35,33.7,0.0,27.5,3,80.86,23.12,-38.3,0.0,,8,,20260905
O,Realty Income Corporation,Real Estate,REIT - Retail,NYSE,,5645607,57955856384,0.655,,,,,,,,0.0,19.5,3,67.94,55.86,,0.0,,8,,20260905
CHBJF,China CITIC Bank Corporation Limited,Financial Services,Banks - Regional,PNK,1.05,175,58427420672,0.0089,0.9,0.8,17.0325,10.52,28.47,82.97,45.78,0.0,50.0,2,1.15,0.84,-8.7,0.0,,8,,20260905
CRWV,"CoreWeave, Inc.",Technology,Software - Infrastructure,NASDAQ,,27977736,49285308416,4.4469,,,,,,,,0.0,18.25,3,153.2,60.55,,0.0,,8,,20260905
PCAR,PACCAR Inc,Industrials,Farm & Heavy Construction Machinery,NASDAQ,,3276950,65637707776,2.6908,,,,,,,,0.0,19.5,3,139.24,92.25,,0.0,,8,,20260905
WPM,Wheaton Precious Metals Corp.,Basic Materials,Gold,NYSE,,2228652,70385713152,5.7926,,,,,,,,0.0,25.75,3,165.76,92.57,,0.0,,8,,20260905
MPLX,MPLX LP,Energy,Oil & Gas Midstream,NYSE,,1414895,60549156864,0.8523,,,,,,,,0.0,20.75,3,60.95,47.8,,0.0,,8,,20260905
SCBFY,Standard Chartered PLC,Financial Services,Banks - Diversified,PNK,61.23,165525,67333947392,1.0486,58.01,50.22,3.0691,,,,,0.0,85.0,2,61.38,37.03,-0.24,0.0,,8,,20260905
TGT,Target Corporation,Consumer Defensive,Discount Stores,NYSE,,4423880,74703691776,5.0623,,,,,,,,0.0,25.75,3,170.75,83.44,,0.0,,8,,20260905
CVE,Cenovus Energy Inc.,Energy,Oil & Gas Integrated,NYSE,,7492519,59698208768,0.8585,,,,,,,,0.0,25.75,3,33.4,15.63,,0.0,,8,,20260905
FANG,"Diamondback Energy, Inc.",Energy,Oil & Gas E&P,NASDAQ,,2154530,56043237376,5.2215,,,,,,,,0.0,24.5,3,216.9,134.3,,0.0,,8,,20260905
CBRS,Cerebras Systems Inc.,Technology,Semiconductors,NASDAQ,,7000039,49900331008,12.0331,,,,,,,,0.0,23.25,3,386.34,160.81,,0.0,,8,,20260905
DSDVF,DSV A/S,Industrials,Integrated Freight & Logistics,PNK,204.33,675,48788471808,8.1686,226.0,242.13,-2.6534,-20.48,-33.19,-22.52,-25.74,0.0,6.25,4,307.1,195.12,-33.46,0.0,,8,,20260905
ORANY,Orange S.A.,Communication Services,Telecom Services,PNK,17.79,182217,47281807360,0.3199,18.55,18.71,-2.3842,,,,,0.0,42.75,4,21.85,15.36,-18.58,0.0,,8,,20260905
SMTOF,"Sumitomo Electric Industries, Ltd.",Consumer Cyclical,Auto Parts,PNK,13.32,35709,41541652480,0.9387,14.97,5.09,-1.7648,-40.39,-221.26,289.44,28.24,0.0,33.75,3,21.48,6.51,-38.01,0.0,,8,,20260905
LTOUF,Larsen & Toubro Limited,Industrials,Engineering & Construction,PNK,40.91,11,56286683136,0.0183,41.45,42.36,-29.4985,-4.87,-13.32,-20.67,-14.14,0.0,24.0,4,48.0,29.23,-14.77,0.0,,8,,20260905
AZO,"AutoZone, Inc.",Consumer Cyclical,Auto Parts,NYSE,,319890,48703270912,65.6769,,,,,,,,0.0,22.0,3,4388.11,2902.2,,0.0,,8,,20260905
TER,"Teradyne, Inc.",Technology,Semiconductor Equipment & Materials,NASDAQ,,3953082,55818338304,18.0031,,,,,,,,0.0,24.5,3,487.91,109.56,,0.0,,8,,20260905
MBGYY,Mercedes-Benz Group AG,Consumer Cyclical,Auto Manufacturers,PNK,13.76,656328,52691451904,0.2312,13.09,14.71,2.8886,,,,,0.0,45.75,3,18.16,12.22,-24.23,0.0,,8,,20260905
STRK,Strategy Inc,Technology,Software - Application,NASDAQ,,124611,0,2.1191,,,,,,,,0.0,27.0,3,100.25,49.8,,0.0,,8,,20260905
STRC,Strategy Inc,Technology,Software - Application,NASDAQ,,2339701,0,0.8441,,,,,,,,0.0,24.5,3,100.42,71.25,,0.0,,8,,20260905
MSTR,Strategy Inc,Technology,Software - Application,NASDAQ,,23628109,56731824128,8.6323,,,,,,,,0.0,22.0,3,365.21,81.81,,0.0,,8,,20260905
STRF,Strategy Inc,Technology,Software - Application,NASDAQ,,136449,0,1.4055,,,,,,,,0.0,27.0,3,117.05,82.5,,0.0,,8,,20260905
ENAKF,E.ON SE,Utilities,Utilities - Diversified,PNK,19.51,220,51004690432,0.4123,21.29,20.98,-4.3145,-13.99,-29.41,-15.92,-20.16,0.0,37.0,3,24.26,17.16,-19.58,0.0,,8,,20260905
WMMVY,"Wal-Mart de México, S.A.B. de C.V.",Consumer Defensive,Discount Stores,OQX,27.93,168560,48096108544,0.9581,28.25,31.15,-0.3332,,,,,0.0,25.75,4,35.47,26.62,-21.26,0.0,,8,,20260905
MBGAF,Mercedes-Benz Group AG,Consumer Cyclical,Auto Manufacturers,PNK,55.21,26701,52854198272,1.1551,52.53,58.93,2.3229,,,,,0.0,50.75,3,72.81,48.77,-24.17,0.0,,8,,20260905
WMMVF,"Wal-Mart de México, S.A.B. de C.V.",Consumer Defensive,Discount Stores,OID,2.7,77493,46494625792,0.0917,2.82,3.1,-1.3039,-12.09,-29.45,-28.69,-24.8,0.0,20.75,4,3.52,2.61,-23.3,0.0,,8,,20260905
ALL,The Allstate Corporation,Financial Services,Insurance - Property & Casualty,NYSE,,1718500,65634340864,4.4792,,,,,,,,0.0,20.75,3,277.22,188.08,,0.0,,8,,20260905
MARUF,Marubeni Corporation,Industrials,Conglomerates,PNK,35.09,13295,57083342848,2.0192,31.04,32.56,2.0057,14.89,-10.48,33.04,13.27,0.0,87.5,3,41.61,22.74,-15.67,0.0,,8,,20260905
SCBFF,Standard Chartered PLC,Financial Services,Banks - Diversified,PNK,29.19,14688,64199835648,0.8519,28.55,25.03,0.7569,12.94,11.52,36.69,21.94,0.0,82.5,2,30.93,18.03,-5.63,0.0,,8,,20260905
NGLOY,Anglo American plc,Basic Materials,Other Industrial Metals & Mining,OQX,28.34,379450,60731936768,0.7512,25.81,23.68,3.3638,,,,,0.0,85.0,2,29.29,15.31,-3.24,0.0,,8,,20260905
EONGY,E.ON SE,Utilities,Utilities - Diversified,PNK,20.26,190301,52965404672,0.3268,21.2,20.6,-2.8784,,,,,0.0,32.75,4,23.58,17.38,-14.08,0.0,,8,,20260905
MARUY,Marubeni Corporation,Industrials,Conglomerates,PNK,32.53,156300,52921827328,2.0881,68.8,265.08,-17.3694,,,,,0.0,10.0,4,426.06,29.16,-92.36,0.0,,8,,20260905
DSDVY,DSV A/S,Industrials,Integrated Freight & Logistics,PNK,102.79,152211,49086939136,2.0309,112.92,122.51,-4.9864,,,,,0.0,6.25,4,151.98,97.9,-32.37,0.0,,8,,20260905
THLEF,Thales S.A.,Industrials,Aerospace & Defense,PNK,271.0,176,55749677056,12.6118,279.89,279.8,-0.7052,,,,,0.0,60.25,3,333.38,242.9,-18.71,0.0,,8,,20260905
FNCTF,Orange S.A.,Communication Services,Telecom Services,PNK,18.15,13323,48238604288,0.4629,18.75,18.54,-1.2898,-12.57,-23.17,-5.33,-13.38,0.0,26.5,4,21.5,15.07,-15.58,0.0,,8,,20260905
HOCPY,HOYA Corporation,Healthcare,Medical Instruments & Supplies,PNK,156.6,37169,52385910784,2.8537,157.31,165.81,-0.2502,,,,,0.0,35.25,4,190.18,134.32,-17.66,0.0,,8,,20260905
THLLY,Thales S.A.,Industrials,Aerospace & Defense,PNK,54.23,57033,55780532224,0.8662,55.94,55.93,-1.9798,,,,,0.0,54.0,3,65.46,48.75,-17.16,0.0,,8,,20260905
KBCSF,KBC Group NV,Financial Services,Banks - Regional,PNK,153.45,42,61221138432,0.9134,140.08,132.78,14.6333,,,,,0.0,76.25,2,154.02,105.7,-0.37,0.0,,8,,20260905
KBCSY,KBC Group NV,Financial Services,Banks - Regional,PNK,77.62,32217,62044864512,1.0226,72.14,65.82,5.3555,,,,,0.0,85.0,2,78.02,56.86,-0.51,0.0,,8,,20260905
FKURF,Fujikura Ltd.,Industrials,Conglomerates,PNK,31.67,24519,52436037632,2.0705,32.18,20.73,-0.2452,1.59,405.96,105886.87,42497.23,0.0,68.25,3,51.47,14.15,-38.47,0.0,,8,,20260905
DVN,Devon Energy Corporation,Energy,Oil & Gas E&P,NYSE,,12144598,52866002944,0.9854,,,,,,,,0.0,27.0,3,52.71,31.47,,0.0,,8,,20260905
HOCPF,HOYA Corporation,Healthcare,Medical Instruments & Supplies,PNK,163.76,101,54781071360,2.0933,158.11,166.43,2.7006,-6.58,-26.51,7.56,-7.9,0.0,37.0,3,191.23,126.95,-14.36,0.0,,8,,20260905
CMCLF,CMOC Group Limited,Basic Materials,Other Industrial Metals & Mining,PNK,2.14,24695,51529740288,0.2358,2.13,2.4,0.0601,-13.76,-40.33,10.69,-13.28,0.0,30.0,3,3.55,1.45,-39.72,0.0,,8,,20260905
BFFAF,BASF SE,Basic Materials,Chemicals,OQX,62.0,661,54828167168,0.7771,56.88,55.06,6.5942,2.7,7.79,0.39,3.56,0.0,76.25,2,64.86,47.11,-4.41,0.0,,8,,20260905
CMPGF,Compass Group PLC,Consumer Cyclical,Restaurants,OQX,30.77,3734,52327137280,0.4864,31.81,30.72,-2.1243,-7.04,-11.04,-32.0,-18.42,0.0,38.25,3,35.6,26.84,-13.55,0.0,,8,,20260905
MET,"MetLife, Inc.",Financial Services,Insurance - Life,NYSE,,3652609,62035259392,1.7477,,,,,,,,0.0,24.5,3,100.93,67.33,,0.0,,8,,20260905
NBIS,Nebius Group N.V.,Communication Services,Internet Content & Information,NASDAQ,,21007725,57480011776,12.9528,,,,,,,,0.0,20.75,3,299.86,63.26,,0.0,,8,,20260905
AAUKF,Anglo American plc,Basic Materials,Other Industrial Metals & Mining,OQX,56.5,2847,60539068416,0.8827,51.35,47.41,5.8327,,,,,0.0,81.25,2,57.5,30.0,-1.74,0.0,,8,,20260905
DBOEF,Deutsche Börse AG,Financial Services,Financial Data & Stock Exchanges,PNK,323.56,6634,58333876224,12.3237,303.05,277.48,1.6644,12.92,2.32,-7.65,0.98,0.0,82.5,2,344.27,231.6,-6.02,0.0,,8,,20260905
SSUMF,Sumitomo Corporation,Industrials,Conglomerates,PNK,11.86,4580,56061337600,0.4599,11.51,31.83,0.7637,-74.68,-83.68,-79.45,-79.74,0.0,28.75,3,50.33,9.18,-76.44,0.0,,8,,20260905
PSA,Public Storage,Real Estate,REIT - Industrial,NYSE,,1026093,56399085568,5.9069,,,,,,,,0.0,22.0,3,335.55,256.54,,0.0,,8,,20260905
BASFY,BASF SE,Basic Materials,Chemicals,OQX,15.49,159171,54792790016,0.2196,14.38,13.89,5.049,,,,,0.0,87.5,2,16.25,11.93,-4.68,0.0,,8,,20260905
FJIKY,Fujikura Ltd.,Industrials,Conglomerates,PNK,16.58,441107,54903033856,0.9183,15.85,14.13,0.7924,,,,,0.0,88.75,2,25.65,7.31,-35.36,0.0,,8,,20260905
SSUMY,Sumitomo Corporation,Industrials,Conglomerates,PNK,11.71,280823,55352303616,0.2799,10.42,9.85,4.5955,,,,,0.0,83.75,2,12.21,7.12,-4.11,0.0,,8,,20260905
COR,"Cencora, Inc.",Healthcare,Medical Distribution,NYSE,,1445806,63154253824,6.1477,,,,,,,,0.0,27.0,3,377.54,244.82,,0.0,,8,,20260905
DBOEY,Deutsche Börse AG,Financial Services,Financial Data & Stock Exchanges,PNK,32.63,436674,58827862016,0.5241,30.63,27.89,3.8162,,,,,0.0,88.75,2,33.91,23.25,-3.77,0.0,,8,,20260905
SE,Sea Limited,Consumer Cyclical,Internet Retail,NYSE,,4380261,68653391872,3.825,,,,,,,,0.0,23.25,3,199.3,77.05,,0.0,,8,,20260905
UCBJY,UCB SA,Healthcare,Biotechnology,PNK,122.35,38192,46655131648,3.0071,133.81,142.79,-3.8119,,,,,0.0,16.25,4,168.76,114.53,-27.5,0.0,,8,,20260905
ANFGF,Antofagasta plc,Basic Materials,Copper,PNK,52.07,6485,51333558272,2.3551,51.45,49.48,0.2623,-11.1,-9.76,53.29,15.13,0.0,60.0,2,61.72,28.88,-15.64,0.0,,8,,20260905
CTVA,"Corteva, Inc.",Basic Materials,Agricultural Inputs,NYSE,,4556773,58619842560,2.3014,,,,,,,,0.0,29.5,3,90.97,60.53,,0.0,,8,,20260905
CMPGY,Compass Group PLC,Consumer Cyclical,Restaurants,OQX,30.73,277317,52250624000,0.603,31.75,30.58,-1.6879,,,,,0.0,47.0,3,35.94,26.95,-14.5,0.0,,8,,20260905
NTDOF,"Nintendo Co., Ltd.",Communication Services,Electronic Gaming & Multimedia,PNK,57.5,9946,66290208768,3.6437,48.68,56.17,2.4214,23.99,-6.64,-55.26,-18.43,0.0,83.75,3,99.0,38.34,-41.92,0.0,,8,,20260905
NUE,Nucor Corporation,Basic Materials,Steel,NYSE,,1559739,59230437376,9.6046,,,,,,,,0.0,20.75,3,280.11,131.32,,0.0,,8,,20260905
VLKPF,Volkswagen AG,Consumer Cyclical,Auto Manufacturers,PNK,88.0,420,44113981440,3.4713,85.74,104.36,0.6516,-23.48,-36.29,-42.92,-35.74,0.0,32.5,3,129.94,74.6,-32.28,0.0,,8,,20260905
VWAPY,Volkswagen AG,Consumer Cyclical,Auto Manufacturers,PNK,9.4,171241,47121752064,0.2401,8.48,9.86,3.8464,,,,,0.0,48.25,3,12.72,7.86,-26.1,0.0,,8,,20260905
VWAGY,Volkswagen AG,Consumer Cyclical,Auto Manufacturers,PNK,9.44,346231,47322271744,0.2234,8.64,10.04,3.5738,,,,,0.0,53.25,3,12.83,8.07,-26.42,0.0,,8,,20260905
VST,Vistra Corp.,Utilities,Utilities - Independent Power Producers,NYSE,,4384960,50110337024,4.5706,,,,,,,,0.0,24.5,3,219.82,132.66,,0.0,,8,,20260905
ALAB,"Astera Labs, Inc.",Technology,Semiconductors,NASDAQ,,4931136,53849776128,14.8884,,,,,,,,0.0,20.75,3,499.48,97.89,,0.0,,8,,20260905
AJG,Arthur J. Gallagher & Co.,Financial Services,Insurance Brokers,NYSE,,1604123,67338215424,7.2977,,,,,,,,0.0,24.5,3,313.55,190.75,,0.0,,8,,20260905
NTDOY,"Nintendo Co., Ltd.",Communication Services,Electronic Gaming & Multimedia,PNK,14.07,3483346,64883703808,0.3157,12.21,14.04,5.8793,,,,,0.0,86.25,3,24.29,10.18,-42.07,0.0,,8,,20260905
CARR,Carrier Global Corporation,Industrials,Building Products & Equipment,NYSE,,6107736,49593954304,1.3908,,,,,,,,0.0,17.0,3,76.76,50.24,,0.0,,8,,20260905
ANCTF,Alimentation Couche-Tard Inc.,Consumer Cyclical,Specialty Retail,PNK,59.34,185850,54471901184,1.084,63.7,58.28,-4.0235,,,,,0.0,61.25,3,67.06,48.03,-11.51,0.0,,8,,20260905
GWLIF,Great-West Lifeco Inc.,Financial Services,Insurance - Life,PNK,66.99,100539,59969445888,0.9029,64.47,53.04,2.7885,,,,,0.0,85.0,2,67.05,38.23,-0.09,0.0,,8,,20260905
LBLCF,Loblaw Companies Limited,Consumer Defensive,Grocery Stores,PNK,45.71,123963,52822532096,0.7582,45.24,45.44,0.6225,,,,,0.0,60.0,3,50.29,38.08,-9.11,0.0,,8,,20260905
TKPHF,Takeda Pharmaceutical Company Limited,Healthcare,Drug Manufacturers - Specialty & Generic,PNK,36.8,12682,58760454144,0.8285,34.24,32.94,3.0925,,,,,0.0,75.0,2,39.2,26.33,-6.12,0.0,,8,,20260905
PCRFF,Panasonic Holdings Corporation,Technology,Consumer Electronics,PNK,26.0,11298,60708052992,1.537,26.86,19.48,-0.5611,,,,,0.0,75.75,3,30.44,10.0,-14.59,0.0,,8,,20260905
CTPCF,CITIC Limited,Industrials,Conglomerates,PNK,1.35,20,39271854080,0.0012,1.37,1.53,-15.5722,-24.35,-19.68,-28.97,-24.56,0.0,12.0,4,1.8,1.35,-25.0,0.0,,8,,20260905
PCRHY,Panasonic Holdings Corporation,Technology,Consumer Electronics,PNK,26.85,354712,62692737024,0.7617,26.9,19.55,-0.06,,,,,0.0,75.75,3,30.5,10.14,-11.97,0.0,,8,,20260905
VLKAF,Volkswagen AG,Consumer Cyclical,Auto Manufacturers,PNK,91.97,822,46786756608,3.4248,86.39,105.23,1.6278,-12.92,-32.03,-45.18,-32.51,0.0,45.0,3,128.99,80.33,-28.7,0.0,,8,,20260905
